{
  "comparison": {
    "baseline": {
      "n": 10,
      "n_ok": 10,
      "match_rate": 0.0,
      "contains_ref": 0.4,
      "mean_judge_score": null,
      "total_s": 13.638990879058838,
      "ttft_s": 9.61744396686554,
      "embed_s": 0.010800100000000002,
      "retrieval_s": 0.20044386686553964,
      "prefill_s": 9.4062,
      "decode_s": 4.0269,
      "llm_s": 13.4331,
      "prefill_tps": 380.04620393898244,
      "decode_tps": 31.787040449036795,
      "prompt_tokens": 3561.6,
      "completion_tokens": 128
    },
    "zendnn": {
      "n": 10,
      "n_ok": 10,
      "match_rate": 0.0,
      "contains_ref": 0.5,
      "mean_judge_score": null,
      "total_s": 10.252008605003358,
      "ttft_s": 6.209118604660034,
      "embed_s": 0.010719600000000006,
      "retrieval_s": 0.19569900466003318,
      "prefill_s": 6.002700000000001,
      "decode_s": 4.0481,
      "llm_s": 10.0508,
      "prefill_tps": 597.614573397009,
      "decode_tps": 31.62107931914004,
      "prompt_tokens": 3561.6,
      "completion_tokens": 128
    }
  },
  "eval_detail": {
    "baseline": {
      "n_queries": 10,
      "n_ok": 10,
      "n_error": 0,
      "n_matched": 0,
      "match_rate": 0.0,
      "n_contains_ref": 4,
      "contains_ref_rate": 0.4,
      "mean_judge_score": null,
      "verdicts": {
        "none": 10
      },
      "tokens": {
        "prompt": {
          "n": 10,
          "mean": 3561.6,
          "p50": 3635,
          "p95": 4276,
          "min": 3071,
          "max": 4276
        },
        "completion": {
          "n": 10,
          "mean": 128,
          "p50": 128,
          "p95": 128,
          "min": 128,
          "max": 128
        },
        "total": {
          "n": 10,
          "mean": 3689.6,
          "p50": 3763,
          "p95": 4404,
          "min": 3199,
          "max": 4404
        },
        "sum_total": 36896
      },
      "latency_s": {
        "total": {
          "n": 10,
          "mean": 13.638990879058838,
          "p50": 13.541817665100098,
          "p95": 16.288645029067993,
          "min": 11.842965126037598,
          "max": 16.288645029067993
        },
        "ttft": {
          "n": 10,
          "mean": 9.61744396686554,
          "p50": 9.526609897613525,
          "p95": 12.228577613830566,
          "min": 7.838373899459839,
          "max": 12.228577613830566
        },
        "embed": {
          "n": 10,
          "mean": 0.010800100000000002,
          "p50": 0.010693000000000008,
          "p95": 0.011653999999999998,
          "min": 0.010482999999999992,
          "max": 0.011653999999999998
        },
        "retrieval": {
          "n": 10,
          "mean": 0.20044386686553964,
          "p50": 0.21780060639954613,
          "p95": 0.2410114915771544,
          "min": 0.061916897613524924,
          "max": 0.2410114915771544
        },
        "prefill": {
          "n": 10,
          "mean": 9.4062,
          "p50": 9.448000000000008,
          "p95": 12.002000000000002,
          "min": 7.629000000000005,
          "max": 12.002000000000002
        },
        "decode": {
          "n": 10,
          "mean": 4.0269,
          "p50": 4.024000000000001,
          "p95": 4.067,
          "min": 4.005000000000003,
          "max": 4.067
        },
        "llm": {
          "n": 10,
          "mean": 13.4331,
          "p50": 13.47000000000001,
          "p95": 16.069000000000003,
          "min": 11.638000000000005,
          "max": 16.069000000000003
        }
      },
      "chunks": {
        "n": 10,
        "mean": 20,
        "p50": 20,
        "p95": 20,
        "min": 20,
        "max": 20
      }
    },
    "zendnn": {
      "n_queries": 10,
      "n_ok": 10,
      "n_error": 0,
      "n_matched": 0,
      "match_rate": 0.0,
      "n_contains_ref": 5,
      "contains_ref_rate": 0.5,
      "mean_judge_score": null,
      "verdicts": {
        "none": 10
      },
      "tokens": {
        "prompt": {
          "n": 10,
          "mean": 3561.6,
          "p50": 3635,
          "p95": 4276,
          "min": 3071,
          "max": 4276
        },
        "completion": {
          "n": 10,
          "mean": 128,
          "p50": 128,
          "p95": 128,
          "min": 128,
          "max": 128
        },
        "total": {
          "n": 10,
          "mean": 3689.6,
          "p50": 3763,
          "p95": 4404,
          "min": 3199,
          "max": 4404
        },
        "sum_total": 36896
      },
      "latency_s": {
        "total": {
          "n": 10,
          "mean": 10.252008605003358,
          "p50": 10.107207775115967,
          "p95": 12.227256298065186,
          "min": 8.862536430358887,
          "max": 12.227256298065186
        },
        "ttft": {
          "n": 10,
          "mean": 6.209118604660034,
          "p50": 6.062350511550903,
          "p95": 8.14279055595398,
          "min": 4.8631463050842285,
          "max": 8.14279055595398
        },
        "embed": {
          "n": 10,
          "mean": 0.010719600000000006,
          "p50": 0.010670999999999986,
          "p95": 0.011299999999999977,
          "min": 0.010377000000000025,
          "max": 0.011299999999999977
        },
        "retrieval": {
          "n": 10,
          "mean": 0.19569900466003318,
          "p50": 0.21264132894898324,
          "p95": 0.237820910308832,
          "min": 0.05767951155090323,
          "max": 0.237820910308832
        },
        "prefill": {
          "n": 10,
          "mean": 6.002700000000001,
          "p50": 5.988999999999997,
          "p95": 7.922999999999995,
          "min": 4.658000000000001,
          "max": 7.922999999999995
        },
        "decode": {
          "n": 10,
          "mean": 4.0481,
          "p50": 4.0489999999999995,
          "p95": 4.091999999999999,
          "min": 4.003,
          "max": 4.091999999999999
        },
        "llm": {
          "n": 10,
          "mean": 10.0508,
          "p50": 10.037999999999997,
          "p95": 12.014999999999993,
          "min": 8.661000000000001,
          "max": 12.014999999999993
        }
      },
      "chunks": {
        "n": 10,
        "mean": 20,
        "p50": 20,
        "p95": 20,
        "min": 20,
        "max": 20
      }
    }
  },
  "ingest": {
    "timestamp": 1781259006.8147602,
    "eval_dataset": "nq_open",
    "corpus_dataset": "BeIR/nq",
    "workspace_slug": "nq-bench",
    "docs_requested": 100,
    "docs_written": 100,
    "docs_uploaded_ok": 100,
    "docs_failed": 0,
    "failures": [],
    "embedded": 100,
    "eval_questions": 100,
    "answerable_questions": 55,
    "corpus_scanned": 20000
  }
}