{
  "comparison": {
    "baseline": {
      "n": 100,
      "n_ok": 100,
      "match_rate": 0.0,
      "contains_ref": 0.51,
      "mean_judge_score": null,
      "total_s": 13.280962209701539,
      "ttft_s": 9.2062641954422,
      "embed_s": 0.05335681000000001,
      "retrieval_s": 0.21570738544219975,
      "prefill_s": 8.9372,
      "decode_s": 4.079149999999999,
      "llm_s": 13.01635,
      "prefill_tps": 380.9051047546436,
      "decode_tps": 31.381362312793666,
      "prompt_tokens": 3396.25,
      "completion_tokens": 128
    },
    "zendnn": {
      "n": 100,
      "n_ok": 100,
      "match_rate": 0.0,
      "contains_ref": 0.52,
      "mean_judge_score": null,
      "total_s": 9.983413891792297,
      "ttft_s": 5.885090763568878,
      "embed_s": 0.053440360000000034,
      "retrieval_s": 0.21176040356887837,
      "prefill_s": 5.61989,
      "decode_s": 4.10234,
      "llm_s": 9.72223,
      "prefill_tps": 607.1773152747394,
      "decode_tps": 31.203389464573448,
      "prompt_tokens": 3396.25,
      "completion_tokens": 128
    }
  },
  "eval_detail": {
    "baseline": {
      "n_queries": 100,
      "n_ok": 100,
      "n_error": 0,
      "n_matched": 0,
      "match_rate": 0.0,
      "n_contains_ref": 51,
      "contains_ref_rate": 0.51,
      "mean_judge_score": null,
      "verdicts": {
        "none": 100
      },
      "tokens": {
        "prompt": {
          "n": 100,
          "mean": 3396.25,
          "p50": 3369,
          "p95": 3901,
          "min": 2781,
          "max": 4064
        },
        "completion": {
          "n": 100,
          "mean": 128,
          "p50": 128,
          "p95": 128,
          "min": 128,
          "max": 128
        },
        "total": {
          "n": 100,
          "mean": 3524.25,
          "p50": 3497,
          "p95": 4029,
          "min": 2909,
          "max": 4192
        },
        "sum_total": 352425
      },
      "latency_s": {
        "total": {
          "n": 100,
          "mean": 13.280962209701539,
          "p50": 13.21443796157837,
          "p95": 15.013704776763916,
          "min": 11.330222606658936,
          "max": 15.307413101196289
        },
        "ttft": {
          "n": 100,
          "mean": 9.2062641954422,
          "p50": 9.120082378387451,
          "p95": 10.917994976043701,
          "min": 7.309963703155518,
          "max": 11.158850193023682
        },
        "embed": {
          "n": 100,
          "mean": 0.05335681000000001,
          "p50": 0.053416999999999604,
          "p95": 0.05549099999999996,
          "min": 0.04964600000000008,
          "max": 0.0572140000000001
        },
        "retrieval": {
          "n": 100,
          "mean": 0.21570738544219975,
          "p50": 0.21386065975954338,
          "p95": 0.24173539662170285,
          "min": 0.17773526010135043,
          "max": 0.27219885487366646
        },
        "prefill": {
          "n": 100,
          "mean": 8.9372,
          "p50": 8.843000000000075,
          "p95": 10.638000000000005,
          "min": 7.057000000000016,
          "max": 10.878000000000014
        },
        "decode": {
          "n": 100,
          "mean": 4.079149999999999,
          "p50": 4.076000000000022,
          "p95": 4.136000000000024,
          "min": 4.013000000000005,
          "max": 4.165000000000003
        },
        "llm": {
          "n": 100,
          "mean": 13.01635,
          "p50": 12.933000000000021,
          "p95": 14.739000000000004,
          "min": 11.070000000000022,
          "max": 15.018000000000004
        }
      },
      "chunks": {
        "n": 100,
        "mean": 8,
        "p50": 8,
        "p95": 8,
        "min": 8,
        "max": 8
      }
    },
    "zendnn": {
      "n_queries": 100,
      "n_ok": 100,
      "n_error": 0,
      "n_matched": 0,
      "match_rate": 0.0,
      "n_contains_ref": 52,
      "contains_ref_rate": 0.52,
      "mean_judge_score": null,
      "verdicts": {
        "none": 100
      },
      "tokens": {
        "prompt": {
          "n": 100,
          "mean": 3396.25,
          "p50": 3369,
          "p95": 3901,
          "min": 2781,
          "max": 4064
        },
        "completion": {
          "n": 100,
          "mean": 128,
          "p50": 128,
          "p95": 128,
          "min": 128,
          "max": 128
        },
        "total": {
          "n": 100,
          "mean": 3524.25,
          "p50": 3497,
          "p95": 4029,
          "min": 2909,
          "max": 4192
        },
        "sum_total": 352425
      },
      "latency_s": {
        "total": {
          "n": 100,
          "mean": 9.983413891792297,
          "p50": 9.901771783828735,
          "p95": 11.22418999671936,
          "min": 8.68735408782959,
          "max": 11.331122398376465
        },
        "ttft": {
          "n": 100,
          "mean": 5.885090763568878,
          "p50": 5.818850755691528,
          "p95": 7.101018190383911,
          "min": 4.6072096824646,
          "max": 7.192475080490112
        },
        "embed": {
          "n": 100,
          "mean": 0.053440360000000034,
          "p50": 0.05356199999999944,
          "p95": 0.0551200000000005,
          "min": 0.04996799999999979,
          "max": 0.05586499999999983
        },
        "retrieval": {
          "n": 100,
          "mean": 0.21176040356887837,
          "p50": 0.21052257727050705,
          "p95": 0.23559984626772845,
          "min": 0.17641284869381124,
          "max": 0.2685629517822301
        },
        "prefill": {
          "n": 100,
          "mean": 5.61989,
          "p50": 5.5499999999999545,
          "p95": 6.822999999999979,
          "min": 4.347000000000008,
          "max": 6.9140000000000015
        },
        "decode": {
          "n": 100,
          "mean": 4.10234,
          "p50": 4.099000000000018,
          "p95": 4.158999999999992,
          "min": 4.036000000000001,
          "max": 4.171000000000049
        },
        "llm": {
          "n": 100,
          "mean": 9.72223,
          "p50": 9.654999999999973,
          "p95": 10.950999999999993,
          "min": 8.430000000000007,
          "max": 11.059999999999995
        }
      },
      "chunks": {
        "n": 100,
        "mean": 8,
        "p50": 8,
        "p95": 8,
        "min": 8,
        "max": 8
      }
    }
  },
  "ingest": {
    "timestamp": 1781690852.4196653,
    "eval_dataset": "nq_open",
    "corpus_dataset": "BeIR/nq",
    "workspace_slug": "nq-bench-97555499",
    "docs_requested": 100,
    "docs_written": 100,
    "docs_uploaded_ok": 100,
    "docs_failed": 0,
    "failures": [],
    "embedded": 100,
    "eval_questions": 100,
    "answerable_questions": 55,
    "corpus_scanned": 20000
  }
}