{
  "comparison": {
    "baseline": {
      "n": 10,
      "n_ok": 10,
      "match_rate": 0.9,
      "mean_judge_score": 0.88,
      "total_s": 39.253064799308774,
      "ttft_s": 35.459234023094176,
      "embed_s": 0.010670399999999924,
      "retrieval_s": 0.10386362309416804,
      "prefill_s": 35.34470000000001,
      "decode_s": 3.798400000000001,
      "llm_s": 39.14310000000001,
      "prefill_tps": 133.20228972624898,
      "decode_tps": 20.389802345332136,
      "prompt_tokens": 4701,
      "completion_tokens": 77.3
    },
    "zendnn": {
      "n": 10,
      "n_ok": 7,
      "match_rate": 0.0,
      "mean_judge_score": null,
      "total_s": 90.64595430237907,
      "ttft_s": 36.510220357349944,
      "embed_s": 0.010626857142857191,
      "retrieval_s": 0.3160220716356556,
      "prefill_s": 36.183571428571426,
      "decode_s": 54.13885714285714,
      "llm_s": 90.32242857142857,
      "prefill_tps": 267.2416337905266,
      "decode_tps": 18.874639160743623,
      "prompt_tokens": 9399,
      "completion_tokens": 1021.1428571428571
    }
  },
  "eval_detail": {
    "baseline": {
      "n_queries": 10,
      "n_ok": 10,
      "n_error": 0,
      "n_matched": 9,
      "match_rate": 0.9,
      "n_contains_ref": 3,
      "contains_ref_rate": 0.3,
      "mean_judge_score": 0.88,
      "verdicts": {
        "correct": 8,
        "incorrect": 1,
        "partial": 1
      },
      "tokens": {
        "prompt": {
          "n": 10,
          "mean": 4701,
          "p50": 4592,
          "p95": 5618,
          "min": 4130,
          "max": 5618
        },
        "completion": {
          "n": 10,
          "mean": 77.3,
          "p50": 78,
          "p95": 135,
          "min": 52,
          "max": 135
        },
        "total": {
          "n": 10,
          "mean": 4778.3,
          "p50": 4672,
          "p95": 5753,
          "min": 4225,
          "max": 5753
        },
        "sum_total": 47783
      },
      "latency_s": {
        "total": {
          "n": 10,
          "mean": 39.253064799308774,
          "p50": 38.07990026473999,
          "p95": 49.84921669960022,
          "min": 34.43770742416382,
          "max": 49.84921669960022
        },
        "ttft": {
          "n": 10,
          "mean": 35.459234023094176,
          "p50": 34.164937019348145,
          "p95": 43.08689999580383,
          "min": 30.422802209854126,
          "max": 43.08689999580383
        },
        "embed": {
          "n": 10,
          "mean": 0.010670399999999924,
          "p50": 0.010556999999999928,
          "p95": 0.011353999999999864,
          "min": 0.0103629999999999,
          "max": 0.011353999999999864
        },
        "retrieval": {
          "n": 10,
          "mean": 0.10386362309416804,
          "p50": 0.080527019348132,
          "p95": 0.3190099958038246,
          "min": 0.07596564952087448,
          "max": 0.3190099958038246
        },
        "prefill": {
          "n": 10,
          "mean": 35.34470000000001,
          "p50": 34.07400000000001,
          "p95": 42.757000000000005,
          "min": 30.336000000000013,
          "max": 42.757000000000005
        },
        "decode": {
          "n": 10,
          "mean": 3.798400000000001,
          "p50": 3.784000000000006,
          "p95": 6.7669999999999995,
          "min": 2.5379999999999967,
          "max": 6.7669999999999995
        },
        "llm": {
          "n": 10,
          "mean": 39.14310000000001,
          "p50": 37.994000000000014,
          "p95": 49.524,
          "min": 34.35299999999999,
          "max": 49.524
        }
      },
      "chunks": {
        "n": 10,
        "mean": 4,
        "p50": 4,
        "p95": 4,
        "min": 4,
        "max": 4
      }
    },
    "zendnn": {
      "n_queries": 10,
      "n_ok": 7,
      "n_error": 3,
      "n_matched": 0,
      "match_rate": 0.0,
      "n_contains_ref": 1,
      "contains_ref_rate": 0.1,
      "mean_judge_score": null,
      "verdicts": {
        "unparsed": 7,
        "skipped": 3
      },
      "tokens": {
        "prompt": {
          "n": 7,
          "mean": 9399,
          "p50": 8930,
          "p95": 12749,
          "min": 6528,
          "max": 12749
        },
        "completion": {
          "n": 7,
          "mean": 1021.1428571428571,
          "p50": 1024,
          "p95": 1024,
          "min": 1004,
          "max": 1024
        },
        "total": {
          "n": 7,
          "mean": 10420.142857142857,
          "p50": 9954,
          "p95": 13753,
          "min": 7552,
          "max": 13753
        },
        "sum_total": 72941
      },
      "latency_s": {
        "total": {
          "n": 7,
          "mean": 90.64595430237907,
          "p50": 87.33771085739136,
          "p95": 110.58078503608704,
          "min": 73.75566124916077,
          "max": 110.58078503608704
        },
        "ttft": {
          "n": 7,
          "mean": 36.510220357349944,
          "p50": 33.407246828079224,
          "p95": 54.99189782142639,
          "min": 21.567920923233032,
          "max": 54.99189782142639
        },
        "embed": {
          "n": 7,
          "mean": 0.010626857142857191,
          "p50": 0.010718999999999923,
          "p95": 0.010844000000000076,
          "min": 0.010228000000000126,
          "max": 0.010844000000000076
        },
        "retrieval": {
          "n": 7,
          "mean": 0.3160220716356556,
          "p50": 0.18766982142641098,
          "p95": 0.6441380512085004,
          "min": 0.15034475482177356,
          "max": 0.6441380512085004
        },
        "prefill": {
          "n": 7,
          "mean": 36.183571428571426,
          "p50": 33.236999999999995,
          "p95": 54.79399999999998,
          "min": 21.194999999999993,
          "max": 54.79399999999998
        },
        "decode": {
          "n": 7,
          "mean": 54.13885714285714,
          "p50": 53.93300000000005,
          "p95": 56.07600000000002,
          "min": 52.184,
          "max": 56.07600000000002
        },
        "llm": {
          "n": 7,
          "mean": 90.32242857142857,
          "p50": 87.17000000000004,
          "p95": 110.39299999999992,
          "min": 73.37899999999999,
          "max": 110.39299999999992
        }
      },
      "chunks": {
        "n": 7,
        "mean": 4,
        "p50": 4,
        "p95": 4,
        "min": 4,
        "max": 4
      }
    }
  },
  "ingest": {
    "timestamp": 1781259006.8147602,
    "eval_dataset": "nq_open",
    "corpus_dataset": "BeIR/nq",
    "workspace_slug": "nq-bench",
    "docs_requested": 100,
    "docs_written": 100,
    "docs_uploaded_ok": 100,
    "docs_failed": 0,
    "failures": [],
    "embedded": 100,
    "eval_questions": 100,
    "answerable_questions": 55,
    "corpus_scanned": 20000
  }
}