{
  "comparison": {
    "baseline": {
      "n": 10,
      "n_ok": 10,
      "match_rate": 0.0,
      "contains_ref": 0.5,
      "mean_judge_score": null,
      "total_s": 14.498659086227416,
      "ttft_s": 7.969495630264282,
      "embed_s": 0.010719200000000002,
      "retrieval_s": 0.19867643026428228,
      "prefill_s": 7.7600999999999996,
      "decode_s": 6.5341000000000005,
      "llm_s": 14.2942,
      "prefill_tps": 461.2353692624682,
      "decode_tps": 19.589960531224662,
      "prompt_tokens": 3561.6,
      "completion_tokens": 128
    },
    "zendnn": {
      "n": 10,
      "n_ok": 10,
      "match_rate": 0.0,
      "contains_ref": 0.6,
      "mean_judge_score": null,
      "total_s": 13.101820755004884,
      "ttft_s": 6.578565859794617,
      "embed_s": 0.010772499999999996,
      "retrieval_s": 0.19459335979461673,
      "prefill_s": 6.3732,
      "decode_s": 6.5284,
      "llm_s": 12.9016,
      "prefill_tps": 562.469952447513,
      "decode_tps": 19.607027856891314,
      "prompt_tokens": 3561.6,
      "completion_tokens": 128
    }
  },
  "eval_detail": {
    "baseline": {
      "n_queries": 10,
      "n_ok": 10,
      "n_error": 0,
      "n_matched": 0,
      "match_rate": 0.0,
      "n_contains_ref": 5,
      "contains_ref_rate": 0.5,
      "mean_judge_score": null,
      "verdicts": {
        "none": 10
      },
      "tokens": {
        "prompt": {
          "n": 10,
          "mean": 3561.6,
          "p50": 3635,
          "p95": 4276,
          "min": 3071,
          "max": 4276
        },
        "completion": {
          "n": 10,
          "mean": 128,
          "p50": 128,
          "p95": 128,
          "min": 128,
          "max": 128
        },
        "total": {
          "n": 10,
          "mean": 3689.6,
          "p50": 3763,
          "p95": 4404,
          "min": 3199,
          "max": 4404
        },
        "sum_total": 36896
      },
      "latency_s": {
        "total": {
          "n": 10,
          "mean": 14.498659086227416,
          "p50": 14.41301941871643,
          "p95": 16.84970259666443,
          "min": 12.892192602157593,
          "max": 16.84970259666443
        },
        "ttft": {
          "n": 10,
          "mean": 7.969495630264282,
          "p50": 7.8463029861450195,
          "p95": 10.267791271209717,
          "min": 6.395686149597168,
          "max": 10.267791271209717
        },
        "embed": {
          "n": 10,
          "mean": 0.010719200000000002,
          "p50": 0.010718000000000005,
          "p95": 0.011520000000000002,
          "min": 0.010373999999999994,
          "max": 0.011520000000000002
        },
        "retrieval": {
          "n": 10,
          "mean": 0.19867643026428228,
          "p50": 0.21454873199462376,
          "p95": 0.24162089982605117,
          "min": 0.05956998614502318,
          "max": 0.24162089982605117
        },
        "prefill": {
          "n": 10,
          "mean": 7.7600999999999996,
          "p50": 7.773999999999994,
          "p95": 10.043,
          "min": 6.186999999999998,
          "max": 10.043
        },
        "decode": {
          "n": 10,
          "mean": 6.5341000000000005,
          "p50": 6.537999999999997,
          "p95": 6.588000000000001,
          "min": 6.483999999999995,
          "max": 6.588000000000001
        },
        "llm": {
          "n": 10,
          "mean": 14.2942,
          "p50": 14.301999999999992,
          "p95": 16.631,
          "min": 12.688000000000002,
          "max": 16.631
        }
      },
      "chunks": {
        "n": 10,
        "mean": 20,
        "p50": 20,
        "p95": 20,
        "min": 20,
        "max": 20
      }
    },
    "zendnn": {
      "n_queries": 10,
      "n_ok": 10,
      "n_error": 0,
      "n_matched": 0,
      "match_rate": 0.0,
      "n_contains_ref": 6,
      "contains_ref_rate": 0.6,
      "mean_judge_score": null,
      "verdicts": {
        "none": 10
      },
      "tokens": {
        "prompt": {
          "n": 10,
          "mean": 3561.6,
          "p50": 3635,
          "p95": 4276,
          "min": 3071,
          "max": 4276
        },
        "completion": {
          "n": 10,
          "mean": 128,
          "p50": 128,
          "p95": 128,
          "min": 128,
          "max": 128
        },
        "total": {
          "n": 10,
          "mean": 3689.6,
          "p50": 3763,
          "p95": 4404,
          "min": 3199,
          "max": 4404
        },
        "sum_total": 36896
      },
      "latency_s": {
        "total": {
          "n": 10,
          "mean": 13.101820755004884,
          "p50": 12.9351966381073,
          "p95": 15.18311333656311,
          "min": 11.698021650314331,
          "max": 15.18311333656311
        },
        "ttft": {
          "n": 10,
          "mean": 6.578565859794617,
          "p50": 6.413134336471558,
          "p95": 8.599968671798706,
          "min": 5.205730438232422,
          "max": 8.599968671798706
        },
        "embed": {
          "n": 10,
          "mean": 0.010772499999999996,
          "p50": 0.010645999999999989,
          "p95": 0.011504000000000014,
          "min": 0.010353999999999974,
          "max": 0.011504000000000014
        },
        "retrieval": {
          "n": 10,
          "mean": 0.19459335979461673,
          "p50": 0.21434408079529543,
          "p95": 0.23951322373962824,
          "min": 0.057498336471558886,
          "max": 0.23951322373962824
        },
        "prefill": {
          "n": 10,
          "mean": 6.3732,
          "p50": 6.344999999999999,
          "p95": 8.378999999999998,
          "min": 4.999000000000009,
          "max": 8.378999999999998
        },
        "decode": {
          "n": 10,
          "mean": 6.5284,
          "p50": 6.527000000000001,
          "p95": 6.590000000000003,
          "min": 6.494999999999997,
          "max": 6.590000000000003
        },
        "llm": {
          "n": 10,
          "mean": 12.9016,
          "p50": 12.841000000000001,
          "p95": 14.969000000000001,
          "min": 11.49600000000001,
          "max": 14.969000000000001
        }
      },
      "chunks": {
        "n": 10,
        "mean": 20,
        "p50": 20,
        "p95": 20,
        "min": 20,
        "max": 20
      }
    }
  },
  "ingest": {
    "timestamp": 1781259006.8147602,
    "eval_dataset": "nq_open",
    "corpus_dataset": "BeIR/nq",
    "workspace_slug": "nq-bench",
    "docs_requested": 100,
    "docs_written": 100,
    "docs_uploaded_ok": 100,
    "docs_failed": 0,
    "failures": [],
    "embedded": 100,
    "eval_questions": 100,
    "answerable_questions": 55,
    "corpus_scanned": 20000
  }
}