{
  "comparison": {
    "baseline": {
      "n": 100,
      "n_ok": 100,
      "match_rate": 0.53,
      "contains_ref": 0.43,
      "mean_judge_score": 0.483,
      "total_s": 35.66635409832001,
      "ttft_s": 29.313782150745393,
      "embed_s": 0.05304262999999999,
      "retrieval_s": 0.24625952074539367,
      "prefill_s": 29.01448,
      "decode_s": 6.3565,
      "llm_s": 35.370979999999996,
      "prefill_tps": 138.7542814676918,
      "decode_tps": 20.13745385393221,
      "prompt_tokens": 4022.36,
      "completion_tokens": 128
    },
    "zendnn": {
      "n": 100,
      "n_ok": 100,
      "match_rate": 0.6,
      "contains_ref": 0.47,
      "mean_judge_score": 0.535,
      "total_s": 18.608281867504118,
      "ttft_s": 12.250259711742402,
      "embed_s": 0.053152149999999995,
      "retrieval_s": 0.24541756174240145,
      "prefill_s": 11.95169,
      "decode_s": 6.36164,
      "llm_s": 18.31333,
      "prefill_tps": 337.4522769383354,
      "decode_tps": 20.121017870881616,
      "prompt_tokens": 4022.36,
      "completion_tokens": 128
    }
  },
  "eval_detail": {
    "baseline": {
      "n_queries": 100,
      "n_ok": 100,
      "n_error": 0,
      "n_matched": 53,
      "match_rate": 0.53,
      "n_contains_ref": 43,
      "contains_ref_rate": 0.43,
      "mean_judge_score": 0.483,
      "verdicts": {
        "correct": 49,
        "incorrect": 47,
        "partial": 4
      },
      "tokens": {
        "prompt": {
          "n": 100,
          "mean": 4022.36,
          "p50": 3995,
          "p95": 4631,
          "min": 3305,
          "max": 4787
        },
        "completion": {
          "n": 100,
          "mean": 128,
          "p50": 128,
          "p95": 128,
          "min": 128,
          "max": 128
        },
        "total": {
          "n": 100,
          "mean": 4150.36,
          "p50": 4123,
          "p95": 4759,
          "min": 3433,
          "max": 4915
        },
        "sum_total": 415036
      },
      "latency_s": {
        "total": {
          "n": 100,
          "mean": 35.66635409832001,
          "p50": 35.235493898391724,
          "p95": 40.36740493774414,
          "min": 30.010069847106934,
          "max": 42.13239645957947
        },
        "ttft": {
          "n": 100,
          "mean": 29.313782150745393,
          "p50": 28.913633108139038,
          "p95": 33.937824726104736,
          "min": 23.717881679534912,
          "max": 35.746476888656616
        },
        "embed": {
          "n": 100,
          "mean": 0.05304262999999999,
          "p50": 0.052974999999999994,
          "p95": 0.056384000000000434,
          "min": 0.047404000000000224,
          "max": 0.057135999999999965
        },
        "retrieval": {
          "n": 100,
          "mean": 0.24625952074539367,
          "p50": 0.2478889227447496,
          "p95": 0.28080155097948634,
          "min": 0.20170264808642102,
          "max": 0.31186501957704493
        },
        "prefill": {
          "n": 100,
          "mean": 29.01448,
          "p50": 28.610000000000127,
          "p95": 33.66000000000008,
          "min": 23.430000000000064,
          "max": 35.430999999999926
        },
        "decode": {
          "n": 100,
          "mean": 6.3565,
          "p50": 6.356999999999999,
          "p95": 6.413999999999987,
          "min": 6.279999999999973,
          "max": 6.433999999999969
        },
        "llm": {
          "n": 100,
          "mean": 35.370979999999996,
          "p50": 34.93500000000017,
          "p95": 40.09400000000005,
          "min": 29.726000000000056,
          "max": 41.82299999999992
        }
      },
      "chunks": {
        "n": 100,
        "mean": 8,
        "p50": 8,
        "p95": 8,
        "min": 8,
        "max": 8
      }
    },
    "zendnn": {
      "n_queries": 100,
      "n_ok": 100,
      "n_error": 0,
      "n_matched": 60,
      "match_rate": 0.6,
      "n_contains_ref": 47,
      "contains_ref_rate": 0.47,
      "mean_judge_score": 0.535,
      "verdicts": {
        "correct": 50,
        "incorrect": 40,
        "partial": 10
      },
      "tokens": {
        "prompt": {
          "n": 100,
          "mean": 4022.36,
          "p50": 3995,
          "p95": 4631,
          "min": 3305,
          "max": 4787
        },
        "completion": {
          "n": 100,
          "mean": 128,
          "p50": 128,
          "p95": 128,
          "min": 128,
          "max": 128
        },
        "total": {
          "n": 100,
          "mean": 4150.36,
          "p50": 4123,
          "p95": 4759,
          "min": 3433,
          "max": 4915
        },
        "sum_total": 415036
      },
      "latency_s": {
        "total": {
          "n": 100,
          "mean": 18.608281867504118,
          "p50": 18.222706079483032,
          "p95": 20.6130051612854,
          "min": 16.023762941360474,
          "max": 21.810950756072998
        },
        "ttft": {
          "n": 100,
          "mean": 12.250259711742402,
          "p50": 11.896306991577148,
          "p95": 14.228926181793213,
          "min": 9.65215015411377,
          "max": 15.404102563858032
        },
        "embed": {
          "n": 100,
          "mean": 0.053152149999999995,
          "p50": 0.05325200000000052,
          "p95": 0.055445999999999884,
          "min": 0.04967500000000058,
          "max": 0.056663999999999604
        },
        "retrieval": {
          "n": 100,
          "mean": 0.24541756174240145,
          "p50": 0.24688022261048737,
          "p95": 0.2728804350280516,
          "min": 0.20324104193115744,
          "max": 0.30630627836609037
        },
        "prefill": {
          "n": 100,
          "mean": 11.95169,
          "p50": 11.590000000000146,
          "p95": 13.938000000000017,
          "min": 9.359000000000037,
          "max": 15.086000000000013
        },
        "decode": {
          "n": 100,
          "mean": 6.36164,
          "p50": 6.365000000000009,
          "p95": 6.413999999999987,
          "min": 6.2949999999999875,
          "max": 6.437000000000012
        },
        "llm": {
          "n": 100,
          "mean": 18.31333,
          "p50": 17.919000000000096,
          "p95": 20.326000000000008,
          "min": 15.734000000000037,
          "max": 21.5
        }
      },
      "chunks": {
        "n": 100,
        "mean": 8,
        "p50": 8,
        "p95": 8,
        "min": 8,
        "max": 8
      }
    }
  },
  "ingest": {
    "timestamp": 1781690852.4196653,
    "eval_dataset": "nq_open",
    "corpus_dataset": "BeIR/nq",
    "workspace_slug": "nq-bench-97555499",
    "docs_requested": 100,
    "docs_written": 100,
    "docs_uploaded_ok": 100,
    "docs_failed": 0,
    "failures": [],
    "embedded": 100,
    "eval_questions": 100,
    "answerable_questions": 55,
    "corpus_scanned": 20000
  }
}