{
  "comparison": {
    "baseline": {
      "n": 100,
      "n_ok": 100,
      "match_rate": 0.0,
      "contains_ref": 0.43,
      "mean_judge_score": null,
      "total_s": 9.029146082401276,
      "ttft_s": 5.442593939304352,
      "embed_s": 0.05368312000000004,
      "retrieval_s": 0.18904081930435232,
      "prefill_s": 5.19987,
      "decode_s": 3.66681,
      "llm_s": 8.866679999999999,
      "prefill_tps": 657.0659021875895,
      "decode_tps": 34.90820424587583,
      "prompt_tokens": 3413.97,
      "completion_tokens": 128
    },
    "zendnn": {
      "n": 100,
      "n_ok": 100,
      "match_rate": 0.0,
      "contains_ref": 0.41,
      "mean_judge_score": null,
      "total_s": 8.441404552459717,
      "ttft_s": 4.849362604618072,
      "embed_s": 0.05347738000000001,
      "retrieval_s": 0.18764522461807237,
      "prefill_s": 4.60824,
      "decode_s": 3.67237,
      "llm_s": 8.28061,
      "prefill_tps": 741.7715920614744,
      "decode_tps": 34.85594860604355,
      "prompt_tokens": 3413.97,
      "completion_tokens": 128
    }
  },
  "eval_detail": {
    "baseline": {
      "n_queries": 100,
      "n_ok": 100,
      "n_error": 0,
      "n_matched": 0,
      "match_rate": 0.0,
      "n_contains_ref": 43,
      "contains_ref_rate": 0.43,
      "mean_judge_score": null,
      "verdicts": {
        "none": 100
      },
      "tokens": {
        "prompt": {
          "n": 100,
          "mean": 3413.97,
          "p50": 3385,
          "p95": 3907,
          "min": 2814,
          "max": 4012
        },
        "completion": {
          "n": 100,
          "mean": 128,
          "p50": 128,
          "p95": 128,
          "min": 128,
          "max": 128
        },
        "total": {
          "n": 100,
          "mean": 3541.97,
          "p50": 3513,
          "p95": 4035,
          "min": 2942,
          "max": 4140
        },
        "sum_total": 354197
      },
      "latency_s": {
        "total": {
          "n": 100,
          "mean": 9.029146082401276,
          "p50": 8.961630582809448,
          "p95": 9.853551864624023,
          "min": 8.038288116455078,
          "max": 10.025158882141113
        },
        "ttft": {
          "n": 100,
          "mean": 5.442593939304352,
          "p50": 5.379352569580078,
          "p95": 6.247676372528076,
          "min": 4.452748775482178,
          "max": 6.438891172409058
        },
        "embed": {
          "n": 100,
          "mean": 0.05368312000000004,
          "p50": 0.05383500000000008,
          "p95": 0.05610699999999991,
          "min": 0.05080400000000007,
          "max": 0.05770399999999998
        },
        "retrieval": {
          "n": 100,
          "mean": 0.18904081930435232,
          "p50": 0.18834605348206157,
          "p95": 0.19936647358714144,
          "min": 0.18036256576537202,
          "max": 0.21333356958011152
        },
        "prefill": {
          "n": 100,
          "mean": 5.19987,
          "p50": 5.134,
          "p95": 6.002999999999986,
          "min": 4.219999999999999,
          "max": 6.188999999999993
        },
        "decode": {
          "n": 100,
          "mean": 3.66681,
          "p50": 3.669000000000004,
          "p95": 3.686,
          "min": 3.634999999999998,
          "max": 3.6920000000000073
        },
        "llm": {
          "n": 100,
          "mean": 8.866679999999999,
          "p50": 8.798000000000002,
          "p95": 9.688999999999993,
          "min": 7.885999999999996,
          "max": 9.85499999999999
        }
      },
      "chunks": {
        "n": 26,
        "mean": 8,
        "p50": 8,
        "p95": 8,
        "min": 8,
        "max": 8
      }
    },
    "zendnn": {
      "n_queries": 100,
      "n_ok": 100,
      "n_error": 0,
      "n_matched": 0,
      "match_rate": 0.0,
      "n_contains_ref": 41,
      "contains_ref_rate": 0.41,
      "mean_judge_score": null,
      "verdicts": {
        "none": 100
      },
      "tokens": {
        "prompt": {
          "n": 100,
          "mean": 3413.97,
          "p50": 3385,
          "p95": 3907,
          "min": 2814,
          "max": 4012
        },
        "completion": {
          "n": 100,
          "mean": 128,
          "p50": 128,
          "p95": 128,
          "min": 128,
          "max": 128
        },
        "total": {
          "n": 100,
          "mean": 3541.97,
          "p50": 3513,
          "p95": 4035,
          "min": 2942,
          "max": 4140
        },
        "sum_total": 354197
      },
      "latency_s": {
        "total": {
          "n": 100,
          "mean": 8.441404552459717,
          "p50": 8.392725467681885,
          "p95": 9.194039344787598,
          "min": 7.568964719772339,
          "max": 9.33581018447876
        },
        "ttft": {
          "n": 100,
          "mean": 4.849362604618072,
          "p50": 4.796080589294434,
          "p95": 5.5989227294921875,
          "min": 4.010870456695557,
          "max": 5.742953777313232
        },
        "embed": {
          "n": 100,
          "mean": 0.05347738000000001,
          "p50": 0.053293000000000035,
          "p95": 0.05579299999999954,
          "min": 0.05044399999999971,
          "max": 0.057028000000000745
        },
        "retrieval": {
          "n": 100,
          "mean": 0.18764522461807237,
          "p50": 0.18698343807983164,
          "p95": 0.1947138225860634,
          "min": 0.17877316215515204,
          "max": 0.2121473570404202
        },
        "prefill": {
          "n": 100,
          "mean": 4.60824,
          "p50": 4.5589999999999975,
          "p95": 5.353999999999985,
          "min": 3.774000000000001,
          "max": 5.4979999999999905
        },
        "decode": {
          "n": 100,
          "mean": 3.67237,
          "p50": 3.6689999999999827,
          "p95": 3.710999999999956,
          "min": 3.6299999999999955,
          "max": 3.715999999999994
        },
        "llm": {
          "n": 100,
          "mean": 8.28061,
          "p50": 8.229999999999961,
          "p95": 9.028999999999968,
          "min": 7.4129999999999825,
          "max": 9.170999999999978
        }
      },
      "chunks": {
        "n": 20,
        "mean": 8,
        "p50": 8,
        "p95": 8,
        "min": 8,
        "max": 8
      }
    }
  },
  "ingest": {
    "timestamp": 1781690852.4196653,
    "eval_dataset": "nq_open",
    "corpus_dataset": "BeIR/nq",
    "workspace_slug": "nq-bench-97555499",
    "docs_requested": 100,
    "docs_written": 100,
    "docs_uploaded_ok": 100,
    "docs_failed": 0,
    "failures": [],
    "embedded": 100,
    "eval_questions": 100,
    "answerable_questions": 55,
    "corpus_scanned": 20000
  }
}