{
  "comparison": {
    "baseline": {
      "n": 10,
      "n_ok": 10,
      "match_rate": 0.8,
      "mean_judge_score": 0.78,
      "total_s": 56.88893284797668,
      "ttft_s": 56.150143361091615,
      "embed_s": 0.013034000000000035,
      "retrieval_s": 0.1798093610916311,
      "prefill_s": 55.95729999999998,
      "decode_s": 0.7621000000000007,
      "llm_s": 56.719399999999986,
      "prefill_tps": 228.67825347200417,
      "decode_tps": 28.98183635167869,
      "prompt_tokens": 12535.4,
      "completion_tokens": 21.3
    },
    "zendnn": {
      "n": 10,
      "n_ok": 10,
      "match_rate": 0.9,
      "mean_judge_score": 0.88,
      "total_s": 5.035774803161621,
      "ttft_s": 4.387257146835327,
      "embed_s": 0.010522099999999934,
      "retrieval_s": 0.08673504683532803,
      "prefill_s": 4.289999999999999,
      "decode_s": 0.6536000000000003,
      "llm_s": 4.943599999999999,
      "prefill_tps": 684.8821575029885,
      "decode_tps": 34.96479588877266,
      "prompt_tokens": 2654.6,
      "completion_tokens": 22.1
    }
  },
  "eval_detail": {
    "baseline": {
      "n_queries": 10,
      "n_ok": 10,
      "n_error": 0,
      "n_matched": 8,
      "match_rate": 0.8,
      "n_contains_ref": 4,
      "contains_ref_rate": 0.4,
      "mean_judge_score": 0.78,
      "verdicts": {
        "correct": 8,
        "incorrect": 2
      },
      "tokens": {
        "prompt": {
          "n": 10,
          "mean": 12535.4,
          "p50": 13938,
          "p95": 14342,
          "min": 8992,
          "max": 14342
        },
        "completion": {
          "n": 10,
          "mean": 21.3,
          "p50": 21,
          "p95": 36,
          "min": 4,
          "max": 36
        },
        "total": {
          "n": 10,
          "mean": 12556.7,
          "p50": 13974,
          "p95": 14362,
          "min": 8996,
          "max": 14362
        },
        "sum_total": 125567
      },
      "latency_s": {
        "total": {
          "n": 10,
          "mean": 56.88893284797668,
          "p50": 67.44446134567261,
          "p95": 68.56996607780457,
          "min": 33.50285458564758,
          "max": 68.56996607780457
        },
        "ttft": {
          "n": 10,
          "mean": 56.150143361091615,
          "p50": 66.11461925506592,
          "p95": 67.84346604347229,
          "min": 33.416510820388794,
          "max": 67.84346604347229
        },
        "embed": {
          "n": 10,
          "mean": 0.013034000000000035,
          "p50": 0.010847000000000051,
          "p95": 0.03422500000000017,
          "min": 0.010196000000000094,
          "max": 0.03422500000000017
        },
        "retrieval": {
          "n": 10,
          "mean": 0.1798093610916311,
          "p50": 0.12938225506594847,
          "p95": 0.7104765596771614,
          "min": 0.1000834799804764,
          "max": 0.7104765596771614
        },
        "prefill": {
          "n": 10,
          "mean": 55.95729999999998,
          "p50": 65.97499999999997,
          "p95": 67.70000000000005,
          "min": 33.30099999999993,
          "max": 67.70000000000005
        },
        "decode": {
          "n": 10,
          "mean": 0.7621000000000007,
          "p50": 0.7640000000000002,
          "p95": 1.3550000000000004,
          "min": 0.10400000000000276,
          "max": 1.3550000000000004
        },
        "llm": {
          "n": 10,
          "mean": 56.719399999999986,
          "p50": 67.30499999999996,
          "p95": 68.45200000000004,
          "min": 33.40499999999993,
          "max": 68.45200000000004
        }
      },
      "chunks": {
        "n": 10,
        "mean": 4,
        "p50": 4,
        "p95": 4,
        "min": 4,
        "max": 4
      }
    },
    "zendnn": {
      "n_queries": 10,
      "n_ok": 10,
      "n_error": 0,
      "n_matched": 9,
      "match_rate": 0.9,
      "n_contains_ref": 4,
      "contains_ref_rate": 0.4,
      "mean_judge_score": 0.88,
      "verdicts": {
        "correct": 9,
        "incorrect": 1
      },
      "tokens": {
        "prompt": {
          "n": 10,
          "mean": 2654.6,
          "p50": 1977,
          "p95": 5636,
          "min": 1436,
          "max": 5636
        },
        "completion": {
          "n": 10,
          "mean": 22.1,
          "p50": 21,
          "p95": 45,
          "min": 4,
          "max": 45
        },
        "total": {
          "n": 10,
          "mean": 2676.7,
          "p50": 2022,
          "p95": 5642,
          "min": 1454,
          "max": 5642
        },
        "sum_total": 26767
      },
      "latency_s": {
        "total": {
          "n": 10,
          "mean": 5.035774803161621,
          "p50": 4.045528888702393,
          "p95": 11.769184589385986,
          "min": 2.3669450283050537,
          "max": 11.769184589385986
        },
        "ttft": {
          "n": 10,
          "mean": 4.387257146835327,
          "p50": 2.700904369354248,
          "p95": 11.618149995803833,
          "min": 1.8512332439422607,
          "max": 11.618149995803833
        },
        "embed": {
          "n": 10,
          "mean": 0.010522099999999934,
          "p50": 0.010704000000000047,
          "p95": 0.011083000000000176,
          "min": 0.009962999999999944,
          "max": 0.011083000000000176
        },
        "retrieval": {
          "n": 10,
          "mean": 0.08673504683532803,
          "p50": 0.05319836935424771,
          "p95": 0.3540669958038336,
          "min": 0.04827024394226864,
          "max": 0.3540669958038336
        },
        "prefill": {
          "n": 10,
          "mean": 4.289999999999999,
          "p50": 2.6370000000000005,
          "p95": 11.253,
          "min": 1.7929999999999922,
          "max": 11.253
        },
        "decode": {
          "n": 10,
          "mean": 0.6536000000000003,
          "p50": 0.665,
          "p95": 1.3470000000000013,
          "min": 0.09199999999999875,
          "max": 1.3470000000000013
        },
        "llm": {
          "n": 10,
          "mean": 4.943599999999999,
          "p50": 3.9840000000000018,
          "p95": 11.417,
          "min": 2.310999999999993,
          "max": 11.417
        }
      },
      "chunks": {
        "n": 10,
        "mean": 4,
        "p50": 4,
        "p95": 4,
        "min": 4,
        "max": 4
      }
    }
  },
  "ingest": {
    "timestamp": 1781259006.8147602,
    "eval_dataset": "nq_open",
    "corpus_dataset": "BeIR/nq",
    "workspace_slug": "nq-bench",
    "docs_requested": 100,
    "docs_written": 100,
    "docs_uploaded_ok": 100,
    "docs_failed": 0,
    "failures": [],
    "embedded": 100,
    "eval_questions": 100,
    "answerable_questions": 55,
    "corpus_scanned": 20000
  }
}