{
  "comparison": {
    "baseline": {
      "n": 5,
      "n_ok": 5,
      "match_rate": 0.8,
      "contains_ref": 1.0,
      "mean_judge_score": 0.7,
      "total_s": 5.781865358352661,
      "ttft_s": 1.8699145793914795,
      "embed_s": 0.020187,
      "retrieval_s": 0.07152757939147944,
      "prefill_s": 1.7782,
      "decode_s": 3.9126,
      "llm_s": 5.690799999999999,
      "prefill_tps": 465.22629350998295,
      "decode_tps": 32.71506035001122,
      "prompt_tokens": 824.6,
      "completion_tokens": 128
    },
    "zendnn": {
      "n": 5,
      "n_ok": 5,
      "match_rate": 1.0,
      "contains_ref": 0.8,
      "mean_judge_score": 1.0,
      "total_s": 5.029411745071411,
      "ttft_s": 1.104189157485962,
      "embed_s": 0.011005999999999993,
      "retrieval_s": 0.06398315748596176,
      "prefill_s": 1.0292000000000001,
      "decode_s": 3.9246,
      "llm_s": 4.9538,
      "prefill_tps": 802.3499685221991,
      "decode_tps": 32.61486217097411,
      "prompt_tokens": 824.6,
      "completion_tokens": 128
    }
  },
  "eval_detail": {
    "baseline": {
      "n_queries": 5,
      "n_ok": 5,
      "n_error": 0,
      "n_matched": 4,
      "match_rate": 0.8,
      "n_contains_ref": 5,
      "contains_ref_rate": 1.0,
      "mean_judge_score": 0.7,
      "verdicts": {
        "correct": 3,
        "incorrect": 1,
        "partial": 1
      },
      "tokens": {
        "prompt": {
          "n": 5,
          "mean": 824.6,
          "p50": 770,
          "p95": 1213,
          "min": 600,
          "max": 1213
        },
        "completion": {
          "n": 5,
          "mean": 128,
          "p50": 128,
          "p95": 128,
          "min": 128,
          "max": 128
        },
        "total": {
          "n": 5,
          "mean": 952.6,
          "p50": 898,
          "p95": 1341,
          "min": 728,
          "max": 1341
        },
        "sum_total": 4763
      },
      "latency_s": {
        "total": {
          "n": 5,
          "mean": 5.781865358352661,
          "p50": 5.650203227996826,
          "p95": 6.71236515045166,
          "min": 5.325823783874512,
          "max": 6.71236515045166
        },
        "ttft": {
          "n": 5,
          "mean": 1.8699145793914795,
          "p50": 1.736368179321289,
          "p95": 2.7964415550231934,
          "min": 1.4330251216888428,
          "max": 2.7964415550231934
        },
        "embed": {
          "n": 5,
          "mean": 0.020187,
          "p50": 0.012185000000000001,
          "p95": 0.037590999999999986,
          "min": 0.011041000000000023,
          "max": 0.037590999999999986
        },
        "retrieval": {
          "n": 5,
          "mean": 0.07152757939147944,
          "p50": 0.07603495440673802,
          "p95": 0.09518317932128939,
          "min": 0.03611408651733372,
          "max": 0.09518317932128939
        },
        "prefill": {
          "n": 5,
          "mean": 1.7782,
          "p50": 1.6289999999999996,
          "p95": 2.6959999999999997,
          "min": 1.3170000000000002,
          "max": 2.6959999999999997
        },
        "decode": {
          "n": 5,
          "mean": 3.9126,
          "p50": 3.9170000000000016,
          "p95": 3.9220000000000006,
          "min": 3.8919999999999995,
          "max": 3.9220000000000006
        },
        "llm": {
          "n": 5,
          "mean": 5.690799999999999,
          "p50": 5.5429999999999975,
          "p95": 6.613000000000001,
          "min": 5.209,
          "max": 6.613000000000001
        }
      },
      "chunks": {
        "n": 5,
        "mean": 5,
        "p50": 5,
        "p95": 5,
        "min": 5,
        "max": 5
      }
    },
    "zendnn": {
      "n_queries": 5,
      "n_ok": 5,
      "n_error": 0,
      "n_matched": 5,
      "match_rate": 1.0,
      "n_contains_ref": 4,
      "contains_ref_rate": 0.8,
      "mean_judge_score": 1.0,
      "verdicts": {
        "correct": 5
      },
      "tokens": {
        "prompt": {
          "n": 5,
          "mean": 824.6,
          "p50": 770,
          "p95": 1213,
          "min": 600,
          "max": 1213
        },
        "completion": {
          "n": 5,
          "mean": 128,
          "p50": 128,
          "p95": 128,
          "min": 128,
          "max": 128
        },
        "total": {
          "n": 5,
          "mean": 952.6,
          "p50": 898,
          "p95": 1341,
          "min": 728,
          "max": 1341
        },
        "sum_total": 4763
      },
      "latency_s": {
        "total": {
          "n": 5,
          "mean": 5.029411745071411,
          "p50": 4.9556193351745605,
          "p95": 5.555728197097778,
          "min": 4.797929525375366,
          "max": 5.555728197097778
        },
        "ttft": {
          "n": 5,
          "mean": 1.104189157485962,
          "p50": 1.0301425457000732,
          "p95": 1.6270711421966553,
          "min": 0.8804385662078857,
          "max": 1.6270711421966553
        },
        "embed": {
          "n": 5,
          "mean": 0.011005999999999993,
          "p50": 0.010938999999999977,
          "p95": 0.011425999999999992,
          "min": 0.010768,
          "max": 0.011425999999999992
        },
        "retrieval": {
          "n": 5,
          "mean": 0.06398315748596176,
          "p50": 0.06867056620788559,
          "p95": 0.08820202420043821,
          "min": 0.030030509124755245,
          "max": 0.08820202420043821
        },
        "prefill": {
          "n": 5,
          "mean": 1.0292000000000001,
          "p50": 0.9370000000000012,
          "p95": 1.5519999999999996,
          "min": 0.8010000000000002,
          "max": 1.5519999999999996
        },
        "decode": {
          "n": 5,
          "mean": 3.9246,
          "p50": 3.9289999999999985,
          "p95": 3.9299999999999997,
          "min": 3.9160000000000004,
          "max": 3.9299999999999997
        },
        "llm": {
          "n": 5,
          "mean": 4.9538,
          "p50": 4.856000000000002,
          "p95": 5.480999999999998,
          "min": 4.7170000000000005,
          "max": 5.480999999999998
        }
      },
      "chunks": {
        "n": 5,
        "mean": 5,
        "p50": 5,
        "p95": 5,
        "min": 5,
        "max": 5
      }
    }
  },
  "ingest": {
    "timestamp": 1781770101.9459035,
    "eval_dataset": "nq_open",
    "corpus_dataset": "BeIR/nq",
    "workspace_slug": "nq-bench",
    "docs_requested": 500,
    "docs_written": 500,
    "docs_uploaded_ok": 500,
    "docs_failed": 0,
    "failures": [],
    "embedded": 500,
    "eval_questions": 100,
    "answerable_questions": 85,
    "corpus_scanned": 100000
  }
}