{
  "comparison": {
    "baseline": {
      "n": 100,
      "n_ok": 100,
      "match_rate": 0.53,
      "contains_ref": 0.41,
      "mean_judge_score": 0.481,
      "total_s": 37.821956753730774,
      "ttft_s": 27.19362152338028,
      "embed_s": 0.053509509999999996,
      "retrieval_s": 0.24267201338027994,
      "prefill_s": 26.89744,
      "decode_s": 10.63218,
      "llm_s": 37.52962,
      "prefill_tps": 149.6979394083387,
      "decode_tps": 12.039089349902792,
      "prompt_tokens": 4022.36,
      "completion_tokens": 128
    },
    "zendnn": {
      "n": 100,
      "n_ok": 100,
      "match_rate": 0.56,
      "contains_ref": 0.45,
      "mean_judge_score": 0.502,
      "total_s": 23.561292903423308,
      "ttft_s": 12.937588036060333,
      "embed_s": 0.053104219999999994,
      "retrieval_s": 0.24132381606033268,
      "prefill_s": 12.64316,
      "decode_s": 10.627410000000001,
      "llm_s": 23.270570000000003,
      "prefill_tps": 318.9795448430862,
      "decode_tps": 12.044478267048875,
      "prompt_tokens": 4022.36,
      "completion_tokens": 128
    }
  },
  "eval_detail": {
    "baseline": {
      "n_queries": 100,
      "n_ok": 100,
      "n_error": 0,
      "n_matched": 53,
      "match_rate": 0.53,
      "n_contains_ref": 41,
      "contains_ref_rate": 0.41,
      "mean_judge_score": 0.481,
      "verdicts": {
        "correct": 48,
        "incorrect": 49,
        "partial": 3
      },
      "tokens": {
        "prompt": {
          "n": 100,
          "mean": 4022.36,
          "p50": 3995,
          "p95": 4631,
          "min": 3305,
          "max": 4787
        },
        "completion": {
          "n": 100,
          "mean": 128,
          "p50": 128,
          "p95": 128,
          "min": 128,
          "max": 128
        },
        "total": {
          "n": 100,
          "mean": 4150.36,
          "p50": 4123,
          "p95": 4759,
          "min": 3433,
          "max": 4915
        },
        "sum_total": 415036
      },
      "latency_s": {
        "total": {
          "n": 100,
          "mean": 37.821956753730774,
          "p50": 37.39332365989685,
          "p95": 42.24858641624451,
          "min": 32.5545871257782,
          "max": 43.99327206611633
        },
        "ttft": {
          "n": 100,
          "mean": 27.19362152338028,
          "p50": 26.765733242034912,
          "p95": 31.57119345664978,
          "min": 21.953267335891724,
          "max": 33.2784538269043
        },
        "embed": {
          "n": 100,
          "mean": 0.053509509999999996,
          "p50": 0.05352699999999988,
          "p95": 0.05522000000000027,
          "min": 0.05070200000000025,
          "max": 0.055926000000000364
        },
        "retrieval": {
          "n": 100,
          "mean": 0.24267201338027994,
          "p50": 0.24059936518871794,
          "p95": 0.2685201965025321,
          "min": 0.202392314926076,
          "max": 0.30763049699400824
        },
        "prefill": {
          "n": 100,
          "mean": 26.89744,
          "p50": 26.460000000000036,
          "p95": 31.279999999999973,
          "min": 21.670000000000073,
          "max": 32.962999999999965
        },
        "decode": {
          "n": 100,
          "mean": 10.63218,
          "p50": 10.631,
          "p95": 10.698000000000008,
          "min": 10.541999999999973,
          "max": 10.720999999999975
        },
        "llm": {
          "n": 100,
          "mean": 37.52962,
          "p50": 37.0870000000001,
          "p95": 41.9609999999999,
          "min": 32.262,
          "max": 43.68299999999999
        }
      },
      "chunks": {
        "n": 100,
        "mean": 8,
        "p50": 8,
        "p95": 8,
        "min": 8,
        "max": 8
      }
    },
    "zendnn": {
      "n_queries": 100,
      "n_ok": 100,
      "n_error": 0,
      "n_matched": 56,
      "match_rate": 0.56,
      "n_contains_ref": 45,
      "contains_ref_rate": 0.45,
      "mean_judge_score": 0.502,
      "verdicts": {
        "correct": 48,
        "incorrect": 45,
        "partial": 7
      },
      "tokens": {
        "prompt": {
          "n": 100,
          "mean": 4022.36,
          "p50": 3995,
          "p95": 4631,
          "min": 3305,
          "max": 4787
        },
        "completion": {
          "n": 100,
          "mean": 128,
          "p50": 128,
          "p95": 128,
          "min": 128,
          "max": 128
        },
        "total": {
          "n": 100,
          "mean": 4150.36,
          "p50": 4123,
          "p95": 4759,
          "min": 3433,
          "max": 4915
        },
        "sum_total": 415036
      },
      "latency_s": {
        "total": {
          "n": 100,
          "mean": 23.561292903423308,
          "p50": 23.199583053588867,
          "p95": 25.743425369262695,
          "min": 20.813591718673706,
          "max": 26.958265781402588
        },
        "ttft": {
          "n": 100,
          "mean": 12.937588036060333,
          "p50": 12.551524639129639,
          "p95": 15.097628355026245,
          "min": 10.222309589385986,
          "max": 16.251839876174927
        },
        "embed": {
          "n": 100,
          "mean": 0.053104219999999994,
          "p50": 0.05320999999999998,
          "p95": 0.05493700000000068,
          "min": 0.04961699999999958,
          "max": 0.05683400000000027
        },
        "retrieval": {
          "n": 100,
          "mean": 0.24132381606033268,
          "p50": 0.24067105856308757,
          "p95": 0.2698771269836371,
          "min": 0.2017689211426017,
          "max": 0.30420074424744925
        },
        "prefill": {
          "n": 100,
          "mean": 12.64316,
          "p50": 12.268000000000029,
          "p95": 14.812999999999988,
          "min": 9.936000000000035,
          "max": 15.937000000000012
        },
        "decode": {
          "n": 100,
          "mean": 10.627410000000001,
          "p50": 10.627000000000066,
          "p95": 10.697000000000003,
          "min": 10.517000000000053,
          "max": 10.713999999999999
        },
        "llm": {
          "n": 100,
          "mean": 23.270570000000003,
          "p50": 22.899999999999864,
          "p95": 25.45599999999999,
          "min": 20.53000000000003,
          "max": 26.65100000000001
        }
      },
      "chunks": {
        "n": 100,
        "mean": 8,
        "p50": 8,
        "p95": 8,
        "min": 8,
        "max": 8
      }
    }
  },
  "ingest": {
    "timestamp": 1781690852.4196653,
    "eval_dataset": "nq_open",
    "corpus_dataset": "BeIR/nq",
    "workspace_slug": "nq-bench-97555499",
    "docs_requested": 100,
    "docs_written": 100,
    "docs_uploaded_ok": 100,
    "docs_failed": 0,
    "failures": [],
    "embedded": 100,
    "eval_questions": 100,
    "answerable_questions": 55,
    "corpus_scanned": 20000
  }
}