{
  "comparison": {
    "baseline": {
      "n": 10,
      "n_ok": 10,
      "match_rate": 0.9,
      "mean_judge_score": 0.88,
      "total_s": 3.9604982137680054,
      "ttft_s": 2.9245280027389526,
      "embed_s": 0.01292669999999987,
      "retrieval_s": 0.05630130273895251,
      "prefill_s": 2.8553,
      "decode_s": 1.0385999999999997,
      "llm_s": 3.8939,
      "prefill_tps": 564.5193256635813,
      "decode_tps": 21.74259717336269,
      "prompt_tokens": 1607.9,
      "completion_tokens": 21.7
    },
    "zendnn": {
      "n": 10,
      "n_ok": 10,
      "match_rate": 0.9,
      "mean_judge_score": 0.88,
      "total_s": 3.5234101533889772,
      "ttft_s": 2.399116325378418,
      "embed_s": 0.010446800000000067,
      "retrieval_s": 0.056469525378417894,
      "prefill_s": 2.3322,
      "decode_s": 1.1267,
      "llm_s": 3.4589,
      "prefill_tps": 706.0486457849927,
      "decode_tps": 21.370544192979278,
      "prompt_tokens": 1639.6,
      "completion_tokens": 23.4
    }
  },
  "eval_detail": {
    "baseline": {
      "n_queries": 10,
      "n_ok": 10,
      "n_error": 0,
      "n_matched": 9,
      "match_rate": 0.9,
      "n_contains_ref": 4,
      "contains_ref_rate": 0.4,
      "mean_judge_score": 0.88,
      "verdicts": {
        "correct": 9,
        "incorrect": 1
      },
      "tokens": {
        "prompt": {
          "n": 10,
          "mean": 1607.9,
          "p50": 1600,
          "p95": 1934,
          "min": 1383,
          "max": 1934
        },
        "completion": {
          "n": 10,
          "mean": 21.7,
          "p50": 21,
          "p95": 41,
          "min": 4,
          "max": 41
        },
        "total": {
          "n": 10,
          "mean": 1629.6,
          "p50": 1615,
          "p95": 1975,
          "min": 1401,
          "max": 1975
        },
        "sum_total": 16296
      },
      "latency_s": {
        "total": {
          "n": 10,
          "mean": 3.9604982137680054,
          "p50": 3.8279335498809814,
          "p95": 5.62102484703064,
          "min": 3.117642879486084,
          "max": 5.62102484703064
        },
        "ttft": {
          "n": 10,
          "mean": 2.9245280027389526,
          "p50": 2.8689446449279785,
          "p95": 3.608309507369995,
          "min": 2.504141092300415,
          "max": 3.608309507369995
        },
        "embed": {
          "n": 10,
          "mean": 0.01292669999999987,
          "p50": 0.010431999999999775,
          "p95": 0.03558099999999964,
          "min": 0.010139999999999816,
          "max": 0.03558099999999964
        },
        "retrieval": {
          "n": 10,
          "mean": 0.05630130273895251,
          "p50": 0.05798150955200043,
          "p95": 0.06257450736999459,
          "min": 0.0484756449279784,
          "max": 0.06257450736999459
        },
        "prefill": {
          "n": 10,
          "mean": 2.8553,
          "p50": 2.8100000000000005,
          "p95": 3.535,
          "min": 2.436,
          "max": 3.535
        },
        "decode": {
          "n": 10,
          "mean": 1.0385999999999997,
          "p50": 1.004,
          "p95": 2.016,
          "min": 0.14999999999999858,
          "max": 2.016
        },
        "llm": {
          "n": 10,
          "mean": 3.8939,
          "p50": 3.764,
          "p95": 5.551,
          "min": 3.0610000000000004,
          "max": 5.551
        }
      },
      "chunks": {
        "n": 10,
        "mean": 4,
        "p50": 4,
        "p95": 4,
        "min": 4,
        "max": 4
      }
    },
    "zendnn": {
      "n_queries": 10,
      "n_ok": 10,
      "n_error": 0,
      "n_matched": 9,
      "match_rate": 0.9,
      "n_contains_ref": 4,
      "contains_ref_rate": 0.4,
      "mean_judge_score": 0.88,
      "verdicts": {
        "correct": 9,
        "incorrect": 1
      },
      "tokens": {
        "prompt": {
          "n": 10,
          "mean": 1639.6,
          "p50": 1605,
          "p95": 1947,
          "min": 1432,
          "max": 1947
        },
        "completion": {
          "n": 10,
          "mean": 23.4,
          "p50": 23,
          "p95": 41,
          "min": 4,
          "max": 41
        },
        "total": {
          "n": 10,
          "mean": 1663,
          "p50": 1628,
          "p95": 1988,
          "min": 1450,
          "max": 1988
        },
        "sum_total": 16630
      },
      "latency_s": {
        "total": {
          "n": 10,
          "mean": 3.5234101533889772,
          "p50": 3.382417917251587,
          "p95": 4.904517412185669,
          "min": 2.8013503551483154,
          "max": 4.904517412185669
        },
        "ttft": {
          "n": 10,
          "mean": 2.399116325378418,
          "p50": 2.2821109294891357,
          "p95": 2.9004766941070557,
          "min": 2.0210561752319336,
          "max": 2.9004766941070557
        },
        "embed": {
          "n": 10,
          "mean": 0.010446800000000067,
          "p50": 0.0103629999999999,
          "p95": 0.011402000000000356,
          "min": 0.009796999999999834,
          "max": 0.011402000000000356
        },
        "retrieval": {
          "n": 10,
          "mean": 0.056469525378417894,
          "p50": 0.05861717523193555,
          "p95": 0.06179469410705618,
          "min": 0.04778992948913441,
          "max": 0.06179469410705618
        },
        "prefill": {
          "n": 10,
          "mean": 2.3322,
          "p50": 2.224000000000001,
          "p95": 2.8279999999999994,
          "min": 1.9519999999999982,
          "max": 2.8279999999999994
        },
        "decode": {
          "n": 10,
          "mean": 1.1267,
          "p50": 1.1030000000000002,
          "p95": 2.0069999999999997,
          "min": 0.14999999999999858,
          "max": 2.0069999999999997
        },
        "llm": {
          "n": 10,
          "mean": 3.4589,
          "p50": 3.3270000000000013,
          "p95": 4.834999999999999,
          "min": 2.7319999999999958,
          "max": 4.834999999999999
        }
      },
      "chunks": {
        "n": 10,
        "mean": 4,
        "p50": 4,
        "p95": 4,
        "min": 4,
        "max": 4
      }
    }
  },
  "ingest": {
    "timestamp": 1781259006.8147602,
    "eval_dataset": "nq_open",
    "corpus_dataset": "BeIR/nq",
    "workspace_slug": "nq-bench",
    "docs_requested": 100,
    "docs_written": 100,
    "docs_uploaded_ok": 100,
    "docs_failed": 0,
    "failures": [],
    "embedded": 100,
    "eval_questions": 100,
    "answerable_questions": 55,
    "corpus_scanned": 20000
  }
}