{
  "comparison": {
    "baseline": {
      "n": 1,
      "n_ok": 1,
      "match_rate": 1.0,
      "contains_ref": 1.0,
      "mean_judge_score": 0.8,
      "total_s": 9.881189346313477,
      "ttft_s": 7.674829483032227,
      "embed_s": 0.06016100000000002,
      "retrieval_s": 0.055668483032229155,
      "prefill_s": 7.5589999999999975,
      "decode_s": 2.2100000000000004,
      "llm_s": 9.768999999999998,
      "prefill_tps": 399.2591612647177,
      "decode_tps": 32.12669683257918,
      "prompt_tokens": 3018,
      "completion_tokens": 71
    },
    "zendnn": {
      "n": 1,
      "n_ok": 1,
      "match_rate": 1.0,
      "contains_ref": 1.0,
      "mean_judge_score": 1.0,
      "total_s": 5.321778297424316,
      "ttft_s": 4.660018682479858,
      "embed_s": 0.053956000000000004,
      "retrieval_s": 0.05306268247986079,
      "prefill_s": 4.552999999999997,
      "decode_s": 0.6669999999999998,
      "llm_s": 5.219999999999997,
      "prefill_tps": 662.8596529760601,
      "decode_tps": 32.98350824587707,
      "prompt_tokens": 3018,
      "completion_tokens": 22
    }
  },
  "eval_detail": {
    "baseline": {
      "n_queries": 1,
      "n_ok": 1,
      "n_error": 0,
      "n_matched": 1,
      "match_rate": 1.0,
      "n_contains_ref": 1,
      "contains_ref_rate": 1.0,
      "mean_judge_score": 0.8,
      "verdicts": {
        "correct": 1
      },
      "tokens": {
        "prompt": {
          "n": 1,
          "mean": 3018,
          "p50": 3018,
          "p95": 3018,
          "min": 3018,
          "max": 3018
        },
        "completion": {
          "n": 1,
          "mean": 71,
          "p50": 71,
          "p95": 71,
          "min": 71,
          "max": 71
        },
        "total": {
          "n": 1,
          "mean": 3089,
          "p50": 3089,
          "p95": 3089,
          "min": 3089,
          "max": 3089
        },
        "sum_total": 3089
      },
      "latency_s": {
        "total": {
          "n": 1,
          "mean": 9.881189346313477,
          "p50": 9.881189346313477,
          "p95": 9.881189346313477,
          "min": 9.881189346313477,
          "max": 9.881189346313477
        },
        "ttft": {
          "n": 1,
          "mean": 7.674829483032227,
          "p50": 7.674829483032227,
          "p95": 7.674829483032227,
          "min": 7.674829483032227,
          "max": 7.674829483032227
        },
        "embed": {
          "n": 1,
          "mean": 0.06016100000000002,
          "p50": 0.06016100000000002,
          "p95": 0.06016100000000002,
          "min": 0.06016100000000002,
          "max": 0.06016100000000002
        },
        "retrieval": {
          "n": 1,
          "mean": 0.055668483032229155,
          "p50": 0.055668483032229155,
          "p95": 0.055668483032229155,
          "min": 0.055668483032229155,
          "max": 0.055668483032229155
        },
        "prefill": {
          "n": 1,
          "mean": 7.5589999999999975,
          "p50": 7.5589999999999975,
          "p95": 7.5589999999999975,
          "min": 7.5589999999999975,
          "max": 7.5589999999999975
        },
        "decode": {
          "n": 1,
          "mean": 2.2100000000000004,
          "p50": 2.2100000000000004,
          "p95": 2.2100000000000004,
          "min": 2.2100000000000004,
          "max": 2.2100000000000004
        },
        "llm": {
          "n": 1,
          "mean": 9.768999999999998,
          "p50": 9.768999999999998,
          "p95": 9.768999999999998,
          "min": 9.768999999999998,
          "max": 9.768999999999998
        }
      },
      "chunks": {
        "n": 1,
        "mean": 8,
        "p50": 8,
        "p95": 8,
        "min": 8,
        "max": 8
      }
    },
    "zendnn": {
      "n_queries": 1,
      "n_ok": 1,
      "n_error": 0,
      "n_matched": 1,
      "match_rate": 1.0,
      "n_contains_ref": 1,
      "contains_ref_rate": 1.0,
      "mean_judge_score": 1.0,
      "verdicts": {
        "correct": 1
      },
      "tokens": {
        "prompt": {
          "n": 1,
          "mean": 3018,
          "p50": 3018,
          "p95": 3018,
          "min": 3018,
          "max": 3018
        },
        "completion": {
          "n": 1,
          "mean": 22,
          "p50": 22,
          "p95": 22,
          "min": 22,
          "max": 22
        },
        "total": {
          "n": 1,
          "mean": 3040,
          "p50": 3040,
          "p95": 3040,
          "min": 3040,
          "max": 3040
        },
        "sum_total": 3040
      },
      "latency_s": {
        "total": {
          "n": 1,
          "mean": 5.321778297424316,
          "p50": 5.321778297424316,
          "p95": 5.321778297424316,
          "min": 5.321778297424316,
          "max": 5.321778297424316
        },
        "ttft": {
          "n": 1,
          "mean": 4.660018682479858,
          "p50": 4.660018682479858,
          "p95": 4.660018682479858,
          "min": 4.660018682479858,
          "max": 4.660018682479858
        },
        "embed": {
          "n": 1,
          "mean": 0.053956000000000004,
          "p50": 0.053956000000000004,
          "p95": 0.053956000000000004,
          "min": 0.053956000000000004,
          "max": 0.053956000000000004
        },
        "retrieval": {
          "n": 1,
          "mean": 0.05306268247986079,
          "p50": 0.05306268247986079,
          "p95": 0.05306268247986079,
          "min": 0.05306268247986079,
          "max": 0.05306268247986079
        },
        "prefill": {
          "n": 1,
          "mean": 4.552999999999997,
          "p50": 4.552999999999997,
          "p95": 4.552999999999997,
          "min": 4.552999999999997,
          "max": 4.552999999999997
        },
        "decode": {
          "n": 1,
          "mean": 0.6669999999999998,
          "p50": 0.6669999999999998,
          "p95": 0.6669999999999998,
          "min": 0.6669999999999998,
          "max": 0.6669999999999998
        },
        "llm": {
          "n": 1,
          "mean": 5.219999999999997,
          "p50": 5.219999999999997,
          "p95": 5.219999999999997,
          "min": 5.219999999999997,
          "max": 5.219999999999997
        }
      },
      "chunks": {
        "n": 1,
        "mean": 8,
        "p50": 8,
        "p95": 8,
        "min": 8,
        "max": 8
      }
    }
  },
  "ingest": {
    "timestamp": 1781690852.4196653,
    "eval_dataset": "nq_open",
    "corpus_dataset": "BeIR/nq",
    "workspace_slug": "nq-bench-97555499",
    "docs_requested": 100,
    "docs_written": 100,
    "docs_uploaded_ok": 100,
    "docs_failed": 0,
    "failures": [],
    "embedded": 100,
    "eval_questions": 100,
    "answerable_questions": 55,
    "corpus_scanned": 20000
  }
}