{
  "comparison": {
    "baseline": {
      "n": 10,
      "n_ok": 10,
      "match_rate": 0.0,
      "contains_ref": 0.4,
      "mean_judge_score": null,
      "total_s": 40.032435464859006,
      "ttft_s": 29.383868479728697,
      "embed_s": 0.010777399999999998,
      "retrieval_s": 0.2280910797286957,
      "prefill_s": 29.145000000000003,
      "decode_s": 10.653799999999999,
      "llm_s": 39.7988,
      "prefill_tps": 149.38486723965175,
      "decode_tps": 12.014695025822071,
      "prompt_tokens": 4350.5,
      "completion_tokens": 128
    },
    "zendnn": {
      "n": 10,
      "n_ok": 10,
      "match_rate": 0.0,
      "contains_ref": 0.3,
      "mean_judge_score": null,
      "total_s": 24.630761098861694,
      "ttft_s": 14.002826309204101,
      "embed_s": 0.010746599999999995,
      "retrieval_s": 0.22497970920410032,
      "prefill_s": 13.767100000000001,
      "decode_s": 10.633099999999999,
      "llm_s": 24.4002,
      "prefill_tps": 316.56552442738223,
      "decode_tps": 12.037954616570463,
      "prompt_tokens": 4350.5,
      "completion_tokens": 128
    }
  },
  "eval_detail": {
    "baseline": {
      "n_queries": 10,
      "n_ok": 10,
      "n_error": 0,
      "n_matched": 0,
      "match_rate": 0.0,
      "n_contains_ref": 4,
      "contains_ref_rate": 0.4,
      "mean_judge_score": null,
      "verdicts": {
        "none": 10
      },
      "tokens": {
        "prompt": {
          "n": 10,
          "mean": 4350.5,
          "p50": 4449,
          "p95": 5139,
          "min": 3770,
          "max": 5139
        },
        "completion": {
          "n": 10,
          "mean": 128,
          "p50": 128,
          "p95": 128,
          "min": 128,
          "max": 128
        },
        "total": {
          "n": 10,
          "mean": 4478.5,
          "p50": 4577,
          "p95": 5267,
          "min": 3898,
          "max": 5267
        },
        "sum_total": 44785
      },
      "latency_s": {
        "total": {
          "n": 10,
          "mean": 40.032435464859006,
          "p50": 40.635915994644165,
          "p95": 46.08867430686951,
          "min": 35.85133194923401,
          "max": 46.08867430686951
        },
        "ttft": {
          "n": 10,
          "mean": 29.383868479728697,
          "p50": 29.940805912017822,
          "p95": 35.37244510650635,
          "min": 25.28174591064453,
          "max": 35.37244510650635
        },
        "embed": {
          "n": 10,
          "mean": 0.010777399999999998,
          "p50": 0.01081399999999999,
          "p95": 0.011495000000000005,
          "min": 0.010448000000000013,
          "max": 0.011495000000000005
        },
        "retrieval": {
          "n": 10,
          "mean": 0.2280910797286957,
          "p50": 0.2513867562866352,
          "p95": 0.27827315773011563,
          "min": 0.06135791201782226,
          "max": 0.27827315773011563
        },
        "prefill": {
          "n": 10,
          "mean": 29.145000000000003,
          "p50": 29.789000000000016,
          "p95": 35.11699999999999,
          "min": 25.04400000000004,
          "max": 35.11699999999999
        },
        "decode": {
          "n": 10,
          "mean": 10.653799999999999,
          "p50": 10.671999999999997,
          "p95": 10.722999999999999,
          "min": 10.574000000000012,
          "max": 10.722999999999999
        },
        "llm": {
          "n": 10,
          "mean": 39.7988,
          "p50": 40.45200000000003,
          "p95": 45.83999999999999,
          "min": 35.61800000000005,
          "max": 45.83999999999999
        }
      },
      "chunks": {
        "n": 10,
        "mean": 20,
        "p50": 20,
        "p95": 20,
        "min": 20,
        "max": 20
      }
    },
    "zendnn": {
      "n_queries": 10,
      "n_ok": 10,
      "n_error": 0,
      "n_matched": 0,
      "match_rate": 0.0,
      "n_contains_ref": 3,
      "contains_ref_rate": 0.3,
      "mean_judge_score": null,
      "verdicts": {
        "none": 10
      },
      "tokens": {
        "prompt": {
          "n": 10,
          "mean": 4350.5,
          "p50": 4449,
          "p95": 5139,
          "min": 3770,
          "max": 5139
        },
        "completion": {
          "n": 10,
          "mean": 128,
          "p50": 128,
          "p95": 128,
          "min": 128,
          "max": 128
        },
        "total": {
          "n": 10,
          "mean": 4478.5,
          "p50": 4577,
          "p95": 5267,
          "min": 3898,
          "max": 5267
        },
        "sum_total": 44785
      },
      "latency_s": {
        "total": {
          "n": 10,
          "mean": 24.630761098861694,
          "p50": 24.792094469070435,
          "p95": 27.779556035995483,
          "min": 22.586657285690308,
          "max": 27.779556035995483
        },
        "ttft": {
          "n": 10,
          "mean": 14.002826309204101,
          "p50": 14.1685791015625,
          "p95": 17.095442056655884,
          "min": 11.998709678649902,
          "max": 17.095442056655884
        },
        "embed": {
          "n": 10,
          "mean": 0.010746599999999995,
          "p50": 0.010602,
          "p95": 0.01152599999999998,
          "min": 0.010365999999999986,
          "max": 0.01152599999999998
        },
        "retrieval": {
          "n": 10,
          "mean": 0.22497970920410032,
          "p50": 0.24520831072998206,
          "p95": 0.272628194030764,
          "min": 0.060636101562499434,
          "max": 0.272628194030764
        },
        "prefill": {
          "n": 10,
          "mean": 13.767100000000001,
          "p50": 14.006,
          "p95": 16.845,
          "min": 11.763000000000005,
          "max": 16.845
        },
        "decode": {
          "n": 10,
          "mean": 10.633099999999999,
          "p50": 10.633000000000003,
          "p95": 10.691000000000003,
          "min": 10.59299999999999,
          "max": 10.691000000000003
        },
        "llm": {
          "n": 10,
          "mean": 24.4002,
          "p50": 24.635000000000005,
          "p95": 27.536,
          "min": 22.355999999999995,
          "max": 27.536
        }
      },
      "chunks": {
        "n": 10,
        "mean": 20,
        "p50": 20,
        "p95": 20,
        "min": 20,
        "max": 20
      }
    }
  },
  "ingest": {
    "timestamp": 1781259006.8147602,
    "eval_dataset": "nq_open",
    "corpus_dataset": "BeIR/nq",
    "workspace_slug": "nq-bench",
    "docs_requested": 100,
    "docs_written": 100,
    "docs_uploaded_ok": 100,
    "docs_failed": 0,
    "failures": [],
    "embedded": 100,
    "eval_questions": 100,
    "answerable_questions": 55,
    "corpus_scanned": 20000
  }
}