{
  "comparison": {
    "baseline": {
      "n": 100,
      "n_ok": 100,
      "match_rate": 0.2,
      "contains_ref": 0.1,
      "mean_judge_score": 0.181,
      "total_s": 8.526486542224884,
      "ttft_s": 5.141828632354736,
      "embed_s": 0.053375360000000004,
      "retrieval_s": 0.15402327235473617,
      "prefill_s": 4.93443,
      "decode_s": 3.45839,
      "llm_s": 8.39282,
      "prefill_tps": 732.4325147637319,
      "decode_tps": 37.01309666144827,
      "prompt_tokens": 3598.34,
      "completion_tokens": 128
    },
    "zendnn": {
      "n": 100,
      "n_ok": 100,
      "match_rate": 0.25,
      "contains_ref": 0.09,
      "mean_judge_score": 0.227,
      "total_s": 7.970572309494019,
      "ttft_s": 4.557146000862121,
      "embed_s": 0.053304379999999985,
      "retrieval_s": 0.15295162086212186,
      "prefill_s": 4.35089,
      "decode_s": 3.4874699999999996,
      "llm_s": 7.83836,
      "prefill_tps": 831.6196169697232,
      "decode_tps": 36.70452283367643,
      "prompt_tokens": 3598.34,
      "completion_tokens": 128
    }
  },
  "eval_detail": {
    "baseline": {
      "n_queries": 100,
      "n_ok": 100,
      "n_error": 0,
      "n_matched": 20,
      "match_rate": 0.2,
      "n_contains_ref": 10,
      "contains_ref_rate": 0.1,
      "mean_judge_score": 0.181,
      "verdicts": {
        "incorrect": 80,
        "correct": 17,
        "partial": 3
      },
      "tokens": {
        "prompt": {
          "n": 100,
          "mean": 3598.34,
          "p50": 3589,
          "p95": 4180,
          "min": 2924,
          "max": 4297
        },
        "completion": {
          "n": 100,
          "mean": 128,
          "p50": 128,
          "p95": 128,
          "min": 128,
          "max": 128
        },
        "total": {
          "n": 100,
          "mean": 3726.34,
          "p50": 3717,
          "p95": 4308,
          "min": 3052,
          "max": 4425
        },
        "sum_total": 372634
      },
      "latency_s": {
        "total": {
          "n": 100,
          "mean": 8.526486542224884,
          "p50": 8.322572708129883,
          "p95": 9.721060037612915,
          "min": 7.264044284820557,
          "max": 9.969796419143677
        },
        "ttft": {
          "n": 100,
          "mean": 5.141828632354736,
          "p50": 4.94745397567749,
          "p95": 6.333287477493286,
          "min": 3.8899435997009277,
          "max": 6.57349419593811
        },
        "embed": {
          "n": 100,
          "mean": 0.053375360000000004,
          "p50": 0.05334199999999978,
          "p95": 0.05605299999999991,
          "min": 0.04770500000000011,
          "max": 0.05701099999999992
        },
        "retrieval": {
          "n": 100,
          "mean": 0.15402327235473617,
          "p50": 0.15336294383239135,
          "p95": 0.16043138133236123,
          "min": 0.14114346211244566,
          "max": 0.18175680160522845
        },
        "prefill": {
          "n": 100,
          "mean": 4.93443,
          "p50": 4.7379999999999995,
          "p95": 6.128999999999962,
          "min": 3.693000000000012,
          "max": 6.364000000000004
        },
        "decode": {
          "n": 100,
          "mean": 3.45839,
          "p50": 3.4550000000000125,
          "p95": 3.4939999999999998,
          "min": 3.409000000000006,
          "max": 3.5090000000000003
        },
        "llm": {
          "n": 100,
          "mean": 8.39282,
          "p50": 8.186999999999998,
          "p95": 9.587999999999965,
          "min": 7.13900000000001,
          "max": 9.83100000000001
        }
      },
      "chunks": {
        "n": 0,
        "mean": null,
        "p50": null,
        "p95": null,
        "min": null,
        "max": null
      }
    },
    "zendnn": {
      "n_queries": 100,
      "n_ok": 100,
      "n_error": 0,
      "n_matched": 25,
      "match_rate": 0.25,
      "n_contains_ref": 9,
      "contains_ref_rate": 0.09,
      "mean_judge_score": 0.227,
      "verdicts": {
        "incorrect": 75,
        "correct": 21,
        "partial": 4
      },
      "tokens": {
        "prompt": {
          "n": 100,
          "mean": 3598.34,
          "p50": 3589,
          "p95": 4180,
          "min": 2924,
          "max": 4297
        },
        "completion": {
          "n": 100,
          "mean": 128,
          "p50": 128,
          "p95": 128,
          "min": 128,
          "max": 128
        },
        "total": {
          "n": 100,
          "mean": 3726.34,
          "p50": 3717,
          "p95": 4308,
          "min": 3052,
          "max": 4425
        },
        "sum_total": 372634
      },
      "latency_s": {
        "total": {
          "n": 100,
          "mean": 7.970572309494019,
          "p50": 7.7876365184783936,
          "p95": 9.061848402023315,
          "min": 6.791868209838867,
          "max": 9.323810577392578
        },
        "ttft": {
          "n": 100,
          "mean": 4.557146000862121,
          "p50": 4.3620851039886475,
          "p95": 5.661069393157959,
          "min": 3.402451276779175,
          "max": 5.906724214553833
        },
        "embed": {
          "n": 100,
          "mean": 0.053304379999999985,
          "p50": 0.053278999999999854,
          "p95": 0.05540399999999934,
          "min": 0.046003999999999934,
          "max": 0.05659799999999926
        },
        "retrieval": {
          "n": 100,
          "mean": 0.15295162086212186,
          "p50": 0.15320311483763938,
          "p95": 0.15840321279907066,
          "min": 0.1402797658996402,
          "max": 0.16474816885375798
        },
        "prefill": {
          "n": 100,
          "mean": 4.35089,
          "p50": 4.1510000000000105,
          "p95": 5.4550000000000125,
          "min": 3.2020000000000266,
          "max": 5.698999999999998
        },
        "decode": {
          "n": 100,
          "mean": 3.4874699999999996,
          "p50": 3.489999999999995,
          "p95": 3.521000000000001,
          "min": 3.4339999999999975,
          "max": 3.5299999999999727
        },
        "llm": {
          "n": 100,
          "mean": 7.83836,
          "p50": 7.659999999999997,
          "p95": 8.925999999999998,
          "min": 6.664000000000016,
          "max": 9.186999999999998
        }
      },
      "chunks": {
        "n": 0,
        "mean": null,
        "p50": null,
        "p95": null,
        "min": null,
        "max": null
      }
    }
  },
  "ingest": {
    "timestamp": 1781690852.4196653,
    "eval_dataset": "nq_open",
    "corpus_dataset": "BeIR/nq",
    "workspace_slug": "nq-bench-97555499",
    "docs_requested": 100,
    "docs_written": 100,
    "docs_uploaded_ok": 100,
    "docs_failed": 0,
    "failures": [],
    "embedded": 100,
    "eval_questions": 100,
    "answerable_questions": 55,
    "corpus_scanned": 20000
  }
}