{
  "comparison": {
    "baseline": {
      "n": 10,
      "n_ok": 10,
      "match_rate": 0.4,
      "mean_judge_score": 0.5714285714285714,
      "total_s": 16.213659048080444,
      "ttft_s": 7.284973359107971,
      "embed_s": 0.010615500000000022,
      "retrieval_s": 0.25845785910796976,
      "prefill_s": 7.015900000000001,
      "decode_s": 9.002799999999999,
      "llm_s": 16.0187,
      "prefill_tps": 595.0959610073784,
      "decode_tps": 34.98692391139768,
      "prompt_tokens": 4152.2,
      "completion_tokens": 314
    },
    "zendnn": {
      "n": 10,
      "n_ok": 10,
      "match_rate": 0.5,
      "mean_judge_score": 0.7142857142857143,
      "total_s": 13.453810572624207,
      "ttft_s": 8.414137887954713,
      "embed_s": 0.010596800000000028,
      "retrieval_s": 0.26864108795471237,
      "prefill_s": 8.1349,
      "decode_s": 5.118300000000002,
      "llm_s": 13.253200000000001,
      "prefill_tps": 691.4547365315399,
      "decode_tps": 34.7164276212666,
      "prompt_tokens": 5622.4,
      "completion_tokens": 177
    }
  },
  "eval_detail": {
    "baseline": {
      "n_queries": 10,
      "n_ok": 10,
      "n_error": 0,
      "n_matched": 4,
      "match_rate": 0.4,
      "n_contains_ref": 4,
      "contains_ref_rate": 0.4,
      "mean_judge_score": 0.5714285714285714,
      "verdicts": {
        "unparsed": 3,
        "correct": 4,
        "incorrect": 3
      },
      "tokens": {
        "prompt": {
          "n": 10,
          "mean": 4152.2,
          "p50": 4415,
          "p95": 5455,
          "min": 3352,
          "max": 5455
        },
        "completion": {
          "n": 10,
          "mean": 314,
          "p50": 307,
          "p95": 911,
          "min": 96,
          "max": 911
        },
        "total": {
          "n": 10,
          "mean": 4466.2,
          "p50": 4821,
          "p95": 5578,
          "min": 3502,
          "max": 5578
        },
        "sum_total": 44662
      },
      "latency_s": {
        "total": {
          "n": 10,
          "mean": 16.213659048080444,
          "p50": 14.966184377670288,
          "p95": 32.85991883277893,
          "min": 9.30469298362732,
          "max": 32.85991883277893
        },
        "ttft": {
          "n": 10,
          "mean": 7.284973359107971,
          "p50": 7.767722129821777,
          "p95": 9.86897611618042,
          "min": 5.71298360824585,
          "max": 9.86897611618042
        },
        "embed": {
          "n": 10,
          "mean": 0.010615500000000022,
          "p50": 0.01067499999999999,
          "p95": 0.011277000000000204,
          "min": 0.01027699999999987,
          "max": 0.011277000000000204
        },
        "retrieval": {
          "n": 10,
          "mean": 0.25845785910796976,
          "p50": 0.2584381298217675,
          "p95": 0.2720800133209256,
          "min": 0.2455802947998036,
          "max": 0.2720800133209256
        },
        "prefill": {
          "n": 10,
          "mean": 7.015900000000001,
          "p50": 7.499000000000009,
          "p95": 9.587000000000003,
          "min": 5.4559999999999995,
          "max": 9.587000000000003
        },
        "decode": {
          "n": 10,
          "mean": 9.002799999999999,
          "p50": 8.820000000000007,
          "p95": 26.153999999999996,
          "min": 2.753,
          "max": 26.153999999999996
        },
        "llm": {
          "n": 10,
          "mean": 16.0187,
          "p50": 14.783999999999995,
          "p95": 32.653999999999996,
          "min": 9.121999999999996,
          "max": 32.653999999999996
        }
      },
      "chunks": {
        "n": 10,
        "mean": 4,
        "p50": 4,
        "p95": 4,
        "min": 4,
        "max": 4
      }
    },
    "zendnn": {
      "n_queries": 10,
      "n_ok": 10,
      "n_error": 0,
      "n_matched": 5,
      "match_rate": 0.5,
      "n_contains_ref": 3,
      "contains_ref_rate": 0.3,
      "mean_judge_score": 0.7142857142857143,
      "verdicts": {
        "unparsed": 3,
        "correct": 5,
        "incorrect": 2
      },
      "tokens": {
        "prompt": {
          "n": 10,
          "mean": 5622.4,
          "p50": 5691,
          "p95": 6031,
          "min": 5334,
          "max": 6031
        },
        "completion": {
          "n": 10,
          "mean": 177,
          "p50": 168,
          "p95": 352,
          "min": 63,
          "max": 352
        },
        "total": {
          "n": 10,
          "mean": 5799.4,
          "p50": 5836,
          "p95": 6107,
          "min": 5442,
          "max": 6107
        },
        "sum_total": 57994
      },
      "latency_s": {
        "total": {
          "n": 10,
          "mean": 13.453810572624207,
          "p50": 12.770947694778442,
          "p95": 18.659838438034058,
          "min": 10.476340532302856,
          "max": 18.659838438034058
        },
        "ttft": {
          "n": 10,
          "mean": 8.414137887954713,
          "p50": 8.507360696792603,
          "p95": 9.073879957199097,
          "min": 7.941443681716919,
          "max": 9.073879957199097
        },
        "embed": {
          "n": 10,
          "mean": 0.010596800000000028,
          "p50": 0.01050199999999979,
          "p95": 0.011337000000000153,
          "min": 0.010215000000000085,
          "max": 0.011337000000000153
        },
        "retrieval": {
          "n": 10,
          "mean": 0.26864108795471237,
          "p50": 0.26458883465576477,
          "p95": 0.30858976257324144,
          "min": 0.2610360363464306,
          "max": 0.30858976257324144
        },
        "prefill": {
          "n": 10,
          "mean": 8.1349,
          "p50": 8.22999999999999,
          "p95": 8.790000000000006,
          "min": 7.670000000000002,
          "max": 8.790000000000006
        },
        "decode": {
          "n": 10,
          "mean": 5.118300000000002,
          "p50": 4.853999999999999,
          "p95": 10.227000000000004,
          "min": 1.801000000000002,
          "max": 10.227000000000004
        },
        "llm": {
          "n": 10,
          "mean": 13.253200000000001,
          "p50": 12.574999999999996,
          "p95": 18.456999999999994,
          "min": 10.287000000000006,
          "max": 18.456999999999994
        }
      },
      "chunks": {
        "n": 10,
        "mean": 4,
        "p50": 4,
        "p95": 4,
        "min": 4,
        "max": 4
      }
    }
  },
  "ingest": {
    "timestamp": 1781259006.8147602,
    "eval_dataset": "nq_open",
    "corpus_dataset": "BeIR/nq",
    "workspace_slug": "nq-bench",
    "docs_requested": 100,
    "docs_written": 100,
    "docs_uploaded_ok": 100,
    "docs_failed": 0,
    "failures": [],
    "embedded": 100,
    "eval_questions": 100,
    "answerable_questions": 55,
    "corpus_scanned": 20000
  }
}