{
  "comparison": {
    "baseline": {
      "n": 10,
      "n_ok": 10,
      "match_rate": 0.9,
      "mean_judge_score": 0.88,
      "total_s": 22.29652066230774,
      "ttft_s": 15.14441454410553,
      "embed_s": 0.010603500000000076,
      "retrieval_s": 0.07551104410552459,
      "prefill_s": 15.058300000000004,
      "decode_s": 7.154,
      "llm_s": 22.212300000000006,
      "prefill_tps": 156.45488464641903,
      "decode_tps": 12.321287459648108,
      "prompt_tokens": 2354.6,
      "completion_tokens": 87.8
    },
    "zendnn": {
      "n": 10,
      "n_ok": 10,
      "match_rate": 0.9,
      "mean_judge_score": 0.88,
      "total_s": 24.97304301261902,
      "ttft_s": 14.59847695827484,
      "embed_s": 0.01056859999999995,
      "retrieval_s": 0.08480835827484015,
      "prefill_s": 14.503100000000002,
      "decode_s": 10.3761,
      "llm_s": 24.8792,
      "prefill_tps": 219.9578656119034,
      "decode_tps": 12.101987000945162,
      "prompt_tokens": 3182.9,
      "completion_tokens": 125.5
    }
  },
  "eval_detail": {
    "baseline": {
      "n_queries": 10,
      "n_ok": 10,
      "n_error": 0,
      "n_matched": 9,
      "match_rate": 0.9,
      "n_contains_ref": 5,
      "contains_ref_rate": 0.5,
      "mean_judge_score": 0.88,
      "verdicts": {
        "correct": 8,
        "partial": 1,
        "incorrect": 1
      },
      "tokens": {
        "prompt": {
          "n": 10,
          "mean": 2354.6,
          "p50": 2373,
          "p95": 2772,
          "min": 2034,
          "max": 2772
        },
        "completion": {
          "n": 10,
          "mean": 87.8,
          "p50": 91,
          "p95": 169,
          "min": 26,
          "max": 169
        },
        "total": {
          "n": 10,
          "mean": 2442.4,
          "p50": 2509,
          "p95": 2843,
          "min": 2125,
          "max": 2843
        },
        "sum_total": 24424
      },
      "latency_s": {
        "total": {
          "n": 10,
          "mean": 22.29652066230774,
          "p50": 23.90455412864685,
          "p95": 27.115574598312378,
          "min": 16.27532935142517,
          "max": 27.115574598312378
        },
        "ttft": {
          "n": 10,
          "mean": 15.14441454410553,
          "p50": 15.256920576095581,
          "p95": 18.138784885406494,
          "min": 12.818266868591309,
          "max": 18.138784885406494
        },
        "embed": {
          "n": 10,
          "mean": 0.010603500000000076,
          "p50": 0.010587000000000124,
          "p95": 0.011387000000000036,
          "min": 0.010184000000000193,
          "max": 0.011387000000000036
        },
        "retrieval": {
          "n": 10,
          "mean": 0.07551104410552459,
          "p50": 0.06931910533142371,
          "p95": 0.1506153811340294,
          "min": 0.06283580578613623,
          "max": 0.1506153811340294
        },
        "prefill": {
          "n": 10,
          "mean": 15.058300000000004,
          "p50": 15.175000000000011,
          "p95": 18.057000000000016,
          "min": 12.745000000000005,
          "max": 18.057000000000016
        },
        "decode": {
          "n": 10,
          "mean": 7.154,
          "p50": 7.431999999999999,
          "p95": 13.781000000000006,
          "min": 2.0779999999999994,
          "max": 13.781000000000006
        },
        "llm": {
          "n": 10,
          "mean": 22.212300000000006,
          "p50": 23.825000000000017,
          "p95": 27.039000000000016,
          "min": 16.203999999999994,
          "max": 27.039000000000016
        }
      },
      "chunks": {
        "n": 10,
        "mean": 4,
        "p50": 4,
        "p95": 4,
        "min": 4,
        "max": 4
      }
    },
    "zendnn": {
      "n_queries": 10,
      "n_ok": 10,
      "n_error": 0,
      "n_matched": 9,
      "match_rate": 0.9,
      "n_contains_ref": 5,
      "contains_ref_rate": 0.5,
      "mean_judge_score": 0.88,
      "verdicts": {
        "correct": 8,
        "partial": 1,
        "incorrect": 1
      },
      "tokens": {
        "prompt": {
          "n": 10,
          "mean": 3182.9,
          "p50": 3284,
          "p95": 3706,
          "min": 2879,
          "max": 3706
        },
        "completion": {
          "n": 10,
          "mean": 125.5,
          "p50": 114,
          "p95": 201,
          "min": 102,
          "max": 201
        },
        "total": {
          "n": 10,
          "mean": 3308.4,
          "p50": 3422,
          "p95": 3812,
          "min": 2987,
          "max": 3812
        },
        "sum_total": 33084
      },
      "latency_s": {
        "total": {
          "n": 10,
          "mean": 24.97304301261902,
          "p50": 25.91608166694641,
          "p95": 30.11849021911621,
          "min": 21.716336250305176,
          "max": 30.11849021911621
        },
        "ttft": {
          "n": 10,
          "mean": 14.59847695827484,
          "p50": 15.15526008605957,
          "p95": 17.874672651290894,
          "min": 12.858448266983032,
          "max": 17.874672651290894
        },
        "embed": {
          "n": 10,
          "mean": 0.01056859999999995,
          "p50": 0.010619999999999852,
          "p95": 0.011185999999999918,
          "min": 0.01014500000000007,
          "max": 0.011185999999999918
        },
        "retrieval": {
          "n": 10,
          "mean": 0.08480835827484015,
          "p50": 0.07522039115905343,
          "p95": 0.1871491068725586,
          "min": 0.07003061050414061,
          "max": 0.1871491068725586
        },
        "prefill": {
          "n": 10,
          "mean": 14.503100000000002,
          "p50": 15.068000000000012,
          "p95": 17.787000000000006,
          "min": 12.777000000000001,
          "max": 17.787000000000006
        },
        "decode": {
          "n": 10,
          "mean": 10.3761,
          "p50": 9.355999999999998,
          "p95": 16.682000000000002,
          "min": 8.459000000000003,
          "max": 16.682000000000002
        },
        "llm": {
          "n": 10,
          "mean": 24.8792,
          "p50": 25.834000000000003,
          "p95": 30.035999999999987,
          "min": 21.636000000000003,
          "max": 30.035999999999987
        }
      },
      "chunks": {
        "n": 10,
        "mean": 4,
        "p50": 4,
        "p95": 4,
        "min": 4,
        "max": 4
      }
    }
  },
  "ingest": {
    "timestamp": 1781259006.8147602,
    "eval_dataset": "nq_open",
    "corpus_dataset": "BeIR/nq",
    "workspace_slug": "nq-bench",
    "docs_requested": 100,
    "docs_written": 100,
    "docs_uploaded_ok": 100,
    "docs_failed": 0,
    "failures": [],
    "embedded": 100,
    "eval_questions": 100,
    "answerable_questions": 55,
    "corpus_scanned": 20000
  }
}