{
  "comparison": {
    "baseline": {
      "n": 5,
      "n_ok": 5,
      "match_rate": 0.4,
      "contains_ref": 0.8,
      "mean_judge_score": 0.4,
      "total_s": 5.811846208572388,
      "ttft_s": 1.888036060333252,
      "embed_s": 0.010909199999999997,
      "retrieval_s": 0.0729268603332521,
      "prefill_s": 1.8041999999999998,
      "decode_s": 3.9238000000000004,
      "llm_s": 5.728,
      "prefill_tps": 457.89723695630835,
      "decode_tps": 32.622426724259356,
      "prompt_tokens": 824.6,
      "completion_tokens": 128
    },
    "zendnn": {
      "n": 5,
      "n_ok": 5,
      "match_rate": 0.8,
      "contains_ref": 1.0,
      "mean_judge_score": 0.6799999999999999,
      "total_s": 5.038132619857788,
      "ttft_s": 1.1120361804962158,
      "embed_s": 0.011903399999999998,
      "retrieval_s": 0.06473278049621593,
      "prefill_s": 1.0353999999999999,
      "decode_s": 3.9254000000000002,
      "llm_s": 4.9608,
      "prefill_tps": 796.8121117758647,
      "decode_tps": 32.60948005290373,
      "prompt_tokens": 824.6,
      "completion_tokens": 128
    }
  },
  "eval_detail": {
    "baseline": {
      "n_queries": 5,
      "n_ok": 5,
      "n_error": 0,
      "n_matched": 2,
      "match_rate": 0.4,
      "n_contains_ref": 4,
      "contains_ref_rate": 0.8,
      "mean_judge_score": 0.4,
      "verdicts": {
        "incorrect": 3,
        "correct": 2
      },
      "tokens": {
        "prompt": {
          "n": 5,
          "mean": 824.6,
          "p50": 770,
          "p95": 1213,
          "min": 600,
          "max": 1213
        },
        "completion": {
          "n": 5,
          "mean": 128,
          "p50": 128,
          "p95": 128,
          "min": 128,
          "max": 128
        },
        "total": {
          "n": 5,
          "mean": 952.6,
          "p50": 898,
          "p95": 1341,
          "min": 728,
          "max": 1341
        },
        "sum_total": 4763
      },
      "latency_s": {
        "total": {
          "n": 5,
          "mean": 5.811846208572388,
          "p50": 5.657315015792847,
          "p95": 6.7128283977508545,
          "min": 5.307647943496704,
          "max": 6.7128283977508545
        },
        "ttft": {
          "n": 5,
          "mean": 1.888036060333252,
          "p50": 1.769463062286377,
          "p95": 2.774664878845215,
          "min": 1.3951494693756104,
          "max": 2.774664878845215
        },
        "embed": {
          "n": 5,
          "mean": 0.010909199999999997,
          "p50": 0.010844999999999994,
          "p95": 0.011473999999999984,
          "min": 0.010448000000000013,
          "max": 0.011473999999999984
        },
        "retrieval": {
          "n": 5,
          "mean": 0.0729268603332521,
          "p50": 0.07730446937560997,
          "p95": 0.09776606228637741,
          "min": 0.03881115223693854,
          "max": 0.09776606228637741
        },
        "prefill": {
          "n": 5,
          "mean": 1.8041999999999998,
          "p50": 1.6609999999999996,
          "p95": 2.690999999999999,
          "min": 1.3070000000000004,
          "max": 2.690999999999999
        },
        "decode": {
          "n": 5,
          "mean": 3.9238000000000004,
          "p50": 3.9360000000000017,
          "p95": 3.9450000000000003,
          "min": 3.8870000000000005,
          "max": 3.9450000000000003
        },
        "llm": {
          "n": 5,
          "mean": 5.728,
          "p50": 5.583,
          "p95": 6.629999999999999,
          "min": 5.218999999999999,
          "max": 6.629999999999999
        }
      },
      "chunks": {
        "n": 5,
        "mean": 5,
        "p50": 5,
        "p95": 5,
        "min": 5,
        "max": 5
      }
    },
    "zendnn": {
      "n_queries": 5,
      "n_ok": 5,
      "n_error": 0,
      "n_matched": 4,
      "match_rate": 0.8,
      "n_contains_ref": 5,
      "contains_ref_rate": 1.0,
      "mean_judge_score": 0.6799999999999999,
      "verdicts": {
        "correct": 2,
        "partial": 2,
        "incorrect": 1
      },
      "tokens": {
        "prompt": {
          "n": 5,
          "mean": 824.6,
          "p50": 770,
          "p95": 1213,
          "min": 600,
          "max": 1213
        },
        "completion": {
          "n": 5,
          "mean": 128,
          "p50": 128,
          "p95": 128,
          "min": 128,
          "max": 128
        },
        "total": {
          "n": 5,
          "mean": 952.6,
          "p50": 898,
          "p95": 1341,
          "min": 728,
          "max": 1341
        },
        "sum_total": 4763
      },
      "latency_s": {
        "total": {
          "n": 5,
          "mean": 5.038132619857788,
          "p50": 4.938176155090332,
          "p95": 5.594820499420166,
          "min": 4.808542251586914,
          "max": 5.594820499420166
        },
        "ttft": {
          "n": 5,
          "mean": 1.1120361804962158,
          "p50": 1.0352354049682617,
          "p95": 1.6290781497955322,
          "min": 0.9024374485015869,
          "max": 1.6290781497955322
        },
        "embed": {
          "n": 5,
          "mean": 0.011903399999999998,
          "p50": 0.01102599999999998,
          "p95": 0.014284000000000019,
          "min": 0.010274000000000005,
          "max": 0.014284000000000019
        },
        "retrieval": {
          "n": 5,
          "mean": 0.06473278049621593,
          "p50": 0.06895140496826269,
          "p95": 0.08736394252014157,
          "min": 0.031132956695556713,
          "max": 0.08736394252014157
        },
        "prefill": {
          "n": 5,
          "mean": 1.0353999999999999,
          "p50": 0.9390000000000001,
          "p95": 1.552999999999999,
          "min": 0.8210000000000015,
          "max": 1.552999999999999
        },
        "decode": {
          "n": 5,
          "mean": 3.9254000000000002,
          "p50": 3.9129999999999985,
          "p95": 3.966000000000001,
          "min": 3.8999999999999986,
          "max": 3.966000000000001
        },
        "llm": {
          "n": 5,
          "mean": 4.9608,
          "p50": 4.855000000000001,
          "p95": 5.519,
          "min": 4.726000000000003,
          "max": 5.519
        }
      },
      "chunks": {
        "n": 5,
        "mean": 5,
        "p50": 5,
        "p95": 5,
        "min": 5,
        "max": 5
      }
    }
  },
  "ingest": {
    "timestamp": 1781770101.9459035,
    "eval_dataset": "nq_open",
    "corpus_dataset": "BeIR/nq",
    "workspace_slug": "nq-bench",
    "docs_requested": 500,
    "docs_written": 500,
    "docs_uploaded_ok": 500,
    "docs_failed": 0,
    "failures": [],
    "embedded": 500,
    "eval_questions": 100,
    "answerable_questions": 85,
    "corpus_scanned": 100000
  }
}