{
  "comparison": {
    "baseline": {
      "n": 100,
      "n_ok": 100,
      "match_rate": 0.0,
      "contains_ref": 0.52,
      "mean_judge_score": null,
      "total_s": 14.073713474273681,
      "ttft_s": 7.514184303283692,
      "embed_s": 0.05275971999999998,
      "retrieval_s": 0.21406458328369152,
      "prefill_s": 7.24736,
      "decode_s": 6.56346,
      "llm_s": 13.81082,
      "prefill_tps": 470.04562126347247,
      "decode_tps": 19.502228858829714,
      "prompt_tokens": 3396.25,
      "completion_tokens": 128
    },
    "zendnn": {
      "n": 100,
      "n_ok": 100,
      "match_rate": 0.0,
      "contains_ref": 0.57,
      "mean_judge_score": null,
      "total_s": 12.797332174777985,
      "ttft_s": 6.242824232578277,
      "embed_s": 0.05285449,
      "retrieval_s": 0.2143097425782781,
      "prefill_s": 5.9756599999999995,
      "decode_s": 6.558660000000001,
      "llm_s": 12.53432,
      "prefill_tps": 570.7045091306476,
      "decode_tps": 19.516569588555303,
      "prompt_tokens": 3396.25,
      "completion_tokens": 128
    }
  },
  "eval_detail": {
    "baseline": {
      "n_queries": 100,
      "n_ok": 100,
      "n_error": 0,
      "n_matched": 0,
      "match_rate": 0.0,
      "n_contains_ref": 52,
      "contains_ref_rate": 0.52,
      "mean_judge_score": null,
      "verdicts": {
        "none": 100
      },
      "tokens": {
        "prompt": {
          "n": 100,
          "mean": 3396.25,
          "p50": 3369,
          "p95": 3901,
          "min": 2781,
          "max": 4064
        },
        "completion": {
          "n": 100,
          "mean": 128,
          "p50": 128,
          "p95": 128,
          "min": 128,
          "max": 128
        },
        "total": {
          "n": 100,
          "mean": 3524.25,
          "p50": 3497,
          "p95": 4029,
          "min": 2909,
          "max": 4192
        },
        "sum_total": 352425
      },
      "latency_s": {
        "total": {
          "n": 100,
          "mean": 14.073713474273681,
          "p50": 14.009255409240723,
          "p95": 15.5425386428833,
          "min": 12.46754765510559,
          "max": 15.769931554794312
        },
        "ttft": {
          "n": 100,
          "mean": 7.514184303283692,
          "p50": 7.463258266448975,
          "p95": 8.951538801193237,
          "min": 5.9679787158966064,
          "max": 9.162755966186523
        },
        "embed": {
          "n": 100,
          "mean": 0.05275971999999998,
          "p50": 0.05293100000000006,
          "p95": 0.05475299999999983,
          "min": 0.050104999999999844,
          "max": 0.05547000000000002
        },
        "retrieval": {
          "n": 100,
          "mean": 0.21406458328369152,
          "p50": 0.2137977052612552,
          "p95": 0.2377800364837661,
          "min": 0.1779406531067078,
          "max": 0.2709662592468245
        },
        "prefill": {
          "n": 100,
          "mean": 7.24736,
          "p50": 7.177999999999997,
          "p95": 8.678999999999974,
          "min": 5.708000000000027,
          "max": 8.866999999999997
        },
        "decode": {
          "n": 100,
          "mean": 6.56346,
          "p50": 6.562000000000012,
          "p95": 6.612000000000023,
          "min": 6.490000000000009,
          "max": 6.63300000000001
        },
        "llm": {
          "n": 100,
          "mean": 13.81082,
          "p50": 13.729999999999961,
          "p95": 15.274999999999977,
          "min": 12.211000000000013,
          "max": 15.479999999999997
        }
      },
      "chunks": {
        "n": 100,
        "mean": 8,
        "p50": 8,
        "p95": 8,
        "min": 8,
        "max": 8
      }
    },
    "zendnn": {
      "n_queries": 100,
      "n_ok": 100,
      "n_error": 0,
      "n_matched": 0,
      "match_rate": 0.0,
      "n_contains_ref": 57,
      "contains_ref_rate": 0.57,
      "mean_judge_score": null,
      "verdicts": {
        "none": 100
      },
      "tokens": {
        "prompt": {
          "n": 100,
          "mean": 3396.25,
          "p50": 3369,
          "p95": 3901,
          "min": 2781,
          "max": 4064
        },
        "completion": {
          "n": 100,
          "mean": 128,
          "p50": 128,
          "p95": 128,
          "min": 128,
          "max": 128
        },
        "total": {
          "n": 100,
          "mean": 3524.25,
          "p50": 3497,
          "p95": 4029,
          "min": 2909,
          "max": 4192
        },
        "sum_total": 352425
      },
      "latency_s": {
        "total": {
          "n": 100,
          "mean": 12.797332174777985,
          "p50": 12.753070831298828,
          "p95": 14.12088942527771,
          "min": 11.395368576049805,
          "max": 14.245150804519653
        },
        "ttft": {
          "n": 100,
          "mean": 6.242824232578277,
          "p50": 6.188238620758057,
          "p95": 7.519246816635132,
          "min": 4.893738269805908,
          "max": 7.659298658370972
        },
        "embed": {
          "n": 100,
          "mean": 0.05285449,
          "p50": 0.05291300000000021,
          "p95": 0.05524400000000007,
          "min": 0.04639099999999985,
          "max": 0.055913000000000324
        },
        "retrieval": {
          "n": 100,
          "mean": 0.2143097425782781,
          "p50": 0.21227697395329237,
          "p95": 0.24068707099913045,
          "min": 0.17907845510864284,
          "max": 0.26493550219726547
        },
        "prefill": {
          "n": 100,
          "mean": 5.9756599999999995,
          "p50": 5.903999999999996,
          "p95": 7.239000000000004,
          "min": 4.6370000000000005,
          "max": 7.376000000000005
        },
        "decode": {
          "n": 100,
          "mean": 6.558660000000001,
          "p50": 6.557999999999993,
          "p95": 6.604000000000042,
          "min": 6.4920000000000755,
          "max": 6.630000000000024
        },
        "llm": {
          "n": 100,
          "mean": 12.53432,
          "p50": 12.473000000000013,
          "p95": 13.841000000000008,
          "min": 11.140999999999963,
          "max": 13.954000000000008
        }
      },
      "chunks": {
        "n": 100,
        "mean": 8,
        "p50": 8,
        "p95": 8,
        "min": 8,
        "max": 8
      }
    }
  },
  "ingest": {
    "timestamp": 1781690852.4196653,
    "eval_dataset": "nq_open",
    "corpus_dataset": "BeIR/nq",
    "workspace_slug": "nq-bench-97555499",
    "docs_requested": 100,
    "docs_written": 100,
    "docs_uploaded_ok": 100,
    "docs_failed": 0,
    "failures": [],
    "embedded": 100,
    "eval_questions": 100,
    "answerable_questions": 55,
    "corpus_scanned": 20000
  }
}