{
  "comparison": {
    "baseline": {
      "n": 5,
      "n_ok": 5,
      "match_rate": 0.4,
      "contains_ref": 0.6,
      "mean_judge_score": 0.4,
      "total_s": 14.719296169281005,
      "ttft_s": 13.49409122467041,
      "embed_s": 0.011181600000000003,
      "retrieval_s": 0.23910962467041125,
      "prefill_s": 13.243799999999998,
      "decode_s": 1.2322000000000002,
      "llm_s": 14.475999999999999,
      "prefill_tps": 348.5926779122991,
      "decode_tps": 31.76127641252923,
      "prompt_tokens": 4611.8,
      "completion_tokens": 38.8
    },
    "zendnn": {
      "n": 5,
      "n_ok": 5,
      "match_rate": 0.4,
      "contains_ref": 0.6,
      "mean_judge_score": 0.32,
      "total_s": 10.638520526885987,
      "ttft_s": 9.089396810531616,
      "embed_s": 0.011660799999999994,
      "retrieval_s": 0.23733601053161485,
      "prefill_s": 8.8404,
      "decode_s": 1.5562,
      "llm_s": 10.396600000000001,
      "prefill_tps": 522.5778776760155,
      "decode_tps": 30.790746492543626,
      "prompt_tokens": 4611.8,
      "completion_tokens": 47.2
    }
  },
  "eval_detail": {
    "baseline": {
      "n_queries": 5,
      "n_ok": 5,
      "n_error": 0,
      "n_matched": 2,
      "match_rate": 0.4,
      "n_contains_ref": 3,
      "contains_ref_rate": 0.6,
      "mean_judge_score": 0.4,
      "verdicts": {
        "correct": 2,
        "incorrect": 3
      },
      "tokens": {
        "prompt": {
          "n": 5,
          "mean": 4611.8,
          "p50": 4692,
          "p95": 4937,
          "min": 4219,
          "max": 4937
        },
        "completion": {
          "n": 5,
          "mean": 38.8,
          "p50": 29,
          "p95": 70,
          "min": 18,
          "max": 70
        },
        "total": {
          "n": 5,
          "mean": 4650.6,
          "p50": 4715,
          "p95": 5007,
          "min": 4237,
          "max": 5007
        },
        "sum_total": 23253
      },
      "latency_s": {
        "total": {
          "n": 5,
          "mean": 14.719296169281005,
          "p50": 14.729084968566895,
          "p95": 16.638081312179565,
          "min": 12.735706567764282,
          "max": 16.638081312179565
        },
        "ttft": {
          "n": 5,
          "mean": 13.49409122467041,
          "p50": 14.019822597503662,
          "p95": 14.39014983177185,
          "min": 12.19081449508667,
          "max": 14.39014983177185
        },
        "embed": {
          "n": 5,
          "mean": 0.011181600000000003,
          "p50": 0.011245000000000005,
          "p95": 0.011441000000000007,
          "min": 0.010938000000000003,
          "max": 0.011441000000000007
        },
        "retrieval": {
          "n": 5,
          "mean": 0.23910962467041125,
          "p50": 0.2714426499481206,
          "p95": 0.29938159750366644,
          "min": 0.08721183177184955,
          "max": 0.29938159750366644
        },
        "prefill": {
          "n": 5,
          "mean": 13.243799999999998,
          "p50": 13.708999999999996,
          "p95": 14.292000000000002,
          "min": 11.899000000000008,
          "max": 14.292000000000002
        },
        "decode": {
          "n": 5,
          "mean": 1.2322000000000002,
          "p50": 0.9160000000000004,
          "p95": 2.255,
          "min": 0.5509999999999984,
          "max": 2.255
        },
        "llm": {
          "n": 5,
          "mean": 14.475999999999999,
          "p50": 14.425999999999997,
          "p95": 16.547,
          "min": 12.450000000000006,
          "max": 16.547
        }
      },
      "chunks": {
        "n": 5,
        "mean": 8,
        "p50": 8,
        "p95": 8,
        "min": 8,
        "max": 8
      }
    },
    "zendnn": {
      "n_queries": 5,
      "n_ok": 5,
      "n_error": 0,
      "n_matched": 2,
      "match_rate": 0.4,
      "n_contains_ref": 3,
      "contains_ref_rate": 0.6,
      "mean_judge_score": 0.32,
      "verdicts": {
        "partial": 1,
        "correct": 1,
        "incorrect": 3
      },
      "tokens": {
        "prompt": {
          "n": 5,
          "mean": 4611.8,
          "p50": 4692,
          "p95": 4937,
          "min": 4219,
          "max": 4937
        },
        "completion": {
          "n": 5,
          "mean": 47.2,
          "p50": 38,
          "p95": 95,
          "min": 16,
          "max": 95
        },
        "total": {
          "n": 5,
          "mean": 4659,
          "p50": 4715,
          "p95": 5032,
          "min": 4235,
          "max": 5032
        },
        "sum_total": 23295
      },
      "latency_s": {
        "total": {
          "n": 5,
          "mean": 10.638520526885987,
          "p50": 10.306737661361694,
          "p95": 12.83912444114685,
          "min": 8.70365858078003,
          "max": 12.83912444114685
        },
        "ttft": {
          "n": 5,
          "mean": 9.089396810531616,
          "p50": 9.580589056015015,
          "p95": 9.6559419631958,
          "min": 8.213479280471802,
          "max": 9.6559419631958
        },
        "embed": {
          "n": 5,
          "mean": 0.011660799999999994,
          "p50": 0.011322999999999972,
          "p95": 0.013480999999999993,
          "min": 0.010950999999999989,
          "max": 0.013480999999999993
        },
        "retrieval": {
          "n": 5,
          "mean": 0.23733601053161485,
          "p50": 0.26560771365355507,
          "p95": 0.29712505601500894,
          "min": 0.08346096319580276,
          "max": 0.29712505601500894
        },
        "prefill": {
          "n": 5,
          "mean": 8.8404,
          "p50": 9.272000000000006,
          "p95": 9.558999999999997,
          "min": 7.924999999999997,
          "max": 9.558999999999997
        },
        "decode": {
          "n": 5,
          "mean": 1.5562,
          "p50": 1.2560000000000002,
          "p95": 3.1900000000000004,
          "min": 0.4969999999999999,
          "max": 3.1900000000000004
        },
        "llm": {
          "n": 5,
          "mean": 10.396600000000001,
          "p50": 10.007000000000005,
          "p95": 12.748999999999999,
          "min": 8.421999999999997,
          "max": 12.748999999999999
        }
      },
      "chunks": {
        "n": 5,
        "mean": 8,
        "p50": 8,
        "p95": 8,
        "min": 8,
        "max": 8
      }
    }
  },
  "ingest": {
    "timestamp": 1781770101.9459035,
    "eval_dataset": "nq_open",
    "corpus_dataset": "BeIR/nq",
    "workspace_slug": "nq-bench",
    "docs_requested": 500,
    "docs_written": 500,
    "docs_uploaded_ok": 500,
    "docs_failed": 0,
    "failures": [],
    "embedded": 500,
    "eval_questions": 100,
    "answerable_questions": 85,
    "corpus_scanned": 100000
  }
}