{
  "comparison": {
    "baseline": {
      "n": 10,
      "n_ok": 10,
      "match_rate": 0.0,
      "contains_ref": 0.4,
      "mean_judge_score": null,
      "total_s": 9.715739989280701,
      "ttft_s": 6.1674295425415036,
      "embed_s": 0.010758,
      "retrieval_s": 0.19017154254150404,
      "prefill_s": 5.9665,
      "decode_s": 3.6271999999999998,
      "llm_s": 9.5937,
      "prefill_tps": 607.0063645169987,
      "decode_tps": 35.28996283252543,
      "prompt_tokens": 3617.9,
      "completion_tokens": 128
    },
    "zendnn": {
      "n": 10,
      "n_ok": 10,
      "match_rate": 0.0,
      "contains_ref": 0.5,
      "mean_judge_score": null,
      "total_s": 8.493908977508545,
      "ttft_s": 4.921474599838257,
      "embed_s": 0.010741100000000003,
      "retrieval_s": 0.18873349983825688,
      "prefill_s": 4.7219999999999995,
      "decode_s": 3.6521,
      "llm_s": 8.3741,
      "prefill_tps": 767.2475212442031,
      "decode_tps": 35.04903235301879,
      "prompt_tokens": 3617.9,
      "completion_tokens": 128
    }
  },
  "eval_detail": {
    "baseline": {
      "n_queries": 10,
      "n_ok": 10,
      "n_error": 0,
      "n_matched": 0,
      "match_rate": 0.0,
      "n_contains_ref": 4,
      "contains_ref_rate": 0.4,
      "mean_judge_score": null,
      "verdicts": {
        "none": 10
      },
      "tokens": {
        "prompt": {
          "n": 10,
          "mean": 3617.9,
          "p50": 3676,
          "p95": 4327,
          "min": 3141,
          "max": 4327
        },
        "completion": {
          "n": 10,
          "mean": 128,
          "p50": 128,
          "p95": 128,
          "min": 128,
          "max": 128
        },
        "total": {
          "n": 10,
          "mean": 3745.9,
          "p50": 3804,
          "p95": 4455,
          "min": 3269,
          "max": 4455
        },
        "sum_total": 37459
      },
      "latency_s": {
        "total": {
          "n": 10,
          "mean": 9.715739989280701,
          "p50": 9.855301856994629,
          "p95": 11.09309983253479,
          "min": 8.878955841064453,
          "max": 11.09309983253479
        },
        "ttft": {
          "n": 10,
          "mean": 6.1674295425415036,
          "p50": 6.304194450378418,
          "p95": 7.5093724727630615,
          "min": 5.364042282104492,
          "max": 7.5093724727630615
        },
        "embed": {
          "n": 10,
          "mean": 0.010758,
          "p50": 0.010708999999999996,
          "p95": 0.011580000000000007,
          "min": 0.010464000000000001,
          "max": 0.011580000000000007
        },
        "retrieval": {
          "n": 10,
          "mean": 0.19017154254150404,
          "p50": 0.19366099330139175,
          "p95": 0.20262947276306242,
          "min": 0.155485450378416,
          "max": 0.20262947276306242
        },
        "prefill": {
          "n": 10,
          "mean": 5.9665,
          "p50": 6.138000000000002,
          "p95": 7.295999999999999,
          "min": 5.167000000000002,
          "max": 7.295999999999999
        },
        "decode": {
          "n": 10,
          "mean": 3.6271999999999998,
          "p50": 3.630000000000001,
          "p95": 3.6630000000000003,
          "min": 3.594000000000001,
          "max": 3.6630000000000003
        },
        "llm": {
          "n": 10,
          "mean": 9.5937,
          "p50": 9.768000000000002,
          "p95": 10.959,
          "min": 8.761000000000003,
          "max": 10.959
        }
      },
      "chunks": {
        "n": 4,
        "mean": 20,
        "p50": 20,
        "p95": 20,
        "min": 20,
        "max": 20
      }
    },
    "zendnn": {
      "n_queries": 10,
      "n_ok": 10,
      "n_error": 0,
      "n_matched": 0,
      "match_rate": 0.0,
      "n_contains_ref": 5,
      "contains_ref_rate": 0.5,
      "mean_judge_score": null,
      "verdicts": {
        "none": 10
      },
      "tokens": {
        "prompt": {
          "n": 10,
          "mean": 3617.9,
          "p50": 3676,
          "p95": 4327,
          "min": 3141,
          "max": 4327
        },
        "completion": {
          "n": 10,
          "mean": 128,
          "p50": 128,
          "p95": 128,
          "min": 128,
          "max": 128
        },
        "total": {
          "n": 10,
          "mean": 3745.9,
          "p50": 3804,
          "p95": 4455,
          "min": 3269,
          "max": 4455
        },
        "sum_total": 37459
      },
      "latency_s": {
        "total": {
          "n": 10,
          "mean": 8.493908977508545,
          "p50": 8.552367925643921,
          "p95": 9.598550081253052,
          "min": 7.858412265777588,
          "max": 9.598550081253052
        },
        "ttft": {
          "n": 10,
          "mean": 4.921474599838257,
          "p50": 4.992136478424072,
          "p95": 6.022399663925171,
          "min": 4.30977463722229,
          "max": 6.022399663925171
        },
        "embed": {
          "n": 10,
          "mean": 0.010741100000000003,
          "p50": 0.010643999999999987,
          "p95": 0.011490999999999973,
          "min": 0.010431000000000024,
          "max": 0.011490999999999973
        },
        "retrieval": {
          "n": 10,
          "mean": 0.18873349983825688,
          "p50": 0.19102430747985633,
          "p95": 0.19827254270935146,
          "min": 0.15345647842407306,
          "max": 0.19827254270935146
        },
        "prefill": {
          "n": 10,
          "mean": 4.7219999999999995,
          "p50": 4.827999999999999,
          "p95": 5.814999999999998,
          "min": 4.112000000000002,
          "max": 5.814999999999998
        },
        "decode": {
          "n": 10,
          "mean": 3.6521,
          "p50": 3.655999999999999,
          "p95": 3.6759999999999984,
          "min": 3.628,
          "max": 3.6759999999999984
        },
        "llm": {
          "n": 10,
          "mean": 8.3741,
          "p50": 8.468,
          "p95": 9.470999999999997,
          "min": 7.740000000000002,
          "max": 9.470999999999997
        }
      },
      "chunks": {
        "n": 5,
        "mean": 20,
        "p50": 20,
        "p95": 20,
        "min": 20,
        "max": 20
      }
    }
  },
  "ingest": {
    "timestamp": 1781259006.8147602,
    "eval_dataset": "nq_open",
    "corpus_dataset": "BeIR/nq",
    "workspace_slug": "nq-bench",
    "docs_requested": 100,
    "docs_written": 100,
    "docs_uploaded_ok": 100,
    "docs_failed": 0,
    "failures": [],
    "embedded": 100,
    "eval_questions": 100,
    "answerable_questions": 55,
    "corpus_scanned": 20000
  }
}