{
  "comparison": {
    "baseline": {
      "n": 10,
      "n_ok": 10,
      "match_rate": 0.0,
      "mean_judge_score": null,
      "total_s": 3.7565623044967653,
      "ttft_s": 2.563847780227661,
      "embed_s": 0.010603700000000016,
      "retrieval_s": 0.0991440802276609,
      "prefill_s": 2.4541000000000004,
      "decode_s": 1.1953999999999998,
      "llm_s": 3.6495,
      "prefill_tps": 866.8767445630618,
      "decode_tps": 38.74259254867339,
      "prompt_tokens": 2116.8,
      "completion_tokens": 46.1
    },
    "zendnn": {
      "n": 10,
      "n_ok": 10,
      "match_rate": 0.0,
      "mean_judge_score": null,
      "total_s": 3.435786509513855,
      "ttft_s": 2.2448024988174438,
      "embed_s": 0.010624399999999978,
      "retrieval_s": 0.09957809881744333,
      "prefill_s": 2.1346000000000007,
      "decode_s": 1.1938000000000009,
      "llm_s": 3.328400000000001,
      "prefill_tps": 998.8795139421925,
      "decode_tps": 38.800884978898914,
      "prompt_tokens": 2118,
      "completion_tokens": 46.1
    }
  },
  "eval_detail": {
    "baseline": {
      "n_queries": 10,
      "n_ok": 10,
      "n_error": 0,
      "n_matched": 0,
      "match_rate": 0.0,
      "n_contains_ref": 5,
      "contains_ref_rate": 0.5,
      "mean_judge_score": null,
      "verdicts": {
        "unparsed": 10
      },
      "tokens": {
        "prompt": {
          "n": 10,
          "mean": 2116.8,
          "p50": 2130,
          "p95": 2384,
          "min": 1860,
          "max": 2384
        },
        "completion": {
          "n": 10,
          "mean": 46.1,
          "p50": 49,
          "p95": 94,
          "min": 22,
          "max": 94
        },
        "total": {
          "n": 10,
          "mean": 2162.9,
          "p50": 2159,
          "p95": 2418,
          "min": 1954,
          "max": 2418
        },
        "sum_total": 21629
      },
      "latency_s": {
        "total": {
          "n": 10,
          "mean": 3.7565623044967653,
          "p50": 3.8110790252685547,
          "p95": 4.6375744342803955,
          "min": 2.889639377593994,
          "max": 4.6375744342803955
        },
        "ttft": {
          "n": 10,
          "mean": 2.563847780227661,
          "p50": 2.7001304626464844,
          "p95": 2.940230369567871,
          "min": 2.1732723712921143,
          "max": 2.940230369567871
        },
        "embed": {
          "n": 10,
          "mean": 0.010603700000000016,
          "p50": 0.010565999999999853,
          "p95": 0.011341999999999963,
          "min": 0.010193000000000119,
          "max": 0.011341999999999963
        },
        "retrieval": {
          "n": 10,
          "mean": 0.0991440802276609,
          "p50": 0.09838454551696563,
          "p95": 0.10685846264648413,
          "min": 0.09620304568481419,
          "max": 0.10685846264648413
        },
        "prefill": {
          "n": 10,
          "mean": 2.4541000000000004,
          "p50": 2.583,
          "p95": 2.826999999999998,
          "min": 2.0660000000000025,
          "max": 2.826999999999998
        },
        "decode": {
          "n": 10,
          "mean": 1.1953999999999998,
          "p50": 1.2640000000000011,
          "p95": 2.466000000000001,
          "min": 0.548,
          "max": 2.466000000000001
        },
        "llm": {
          "n": 10,
          "mean": 3.6495,
          "p50": 3.705000000000002,
          "p95": 4.532000000000004,
          "min": 2.785,
          "max": 4.532000000000004
        }
      },
      "chunks": {
        "n": 10,
        "mean": 4,
        "p50": 4,
        "p95": 4,
        "min": 4,
        "max": 4
      }
    },
    "zendnn": {
      "n_queries": 10,
      "n_ok": 10,
      "n_error": 0,
      "n_matched": 0,
      "match_rate": 0.0,
      "n_contains_ref": 5,
      "contains_ref_rate": 0.5,
      "mean_judge_score": null,
      "verdicts": {
        "unparsed": 10
      },
      "tokens": {
        "prompt": {
          "n": 10,
          "mean": 2118,
          "p50": 2130,
          "p95": 2384,
          "min": 1859,
          "max": 2384
        },
        "completion": {
          "n": 10,
          "mean": 46.1,
          "p50": 49,
          "p95": 94,
          "min": 22,
          "max": 94
        },
        "total": {
          "n": 10,
          "mean": 2164.1,
          "p50": 2159,
          "p95": 2418,
          "min": 1953,
          "max": 2418
        },
        "sum_total": 21641
      },
      "latency_s": {
        "total": {
          "n": 10,
          "mean": 3.435786509513855,
          "p50": 3.435234785079956,
          "p95": 4.3456292152404785,
          "min": 2.5882246494293213,
          "max": 4.3456292152404785
        },
        "ttft": {
          "n": 10,
          "mean": 2.2448024988174438,
          "p50": 2.381974697113037,
          "p95": 2.5804338455200195,
          "min": 1.8877406120300293,
          "max": 2.5804338455200195
        },
        "embed": {
          "n": 10,
          "mean": 0.010624399999999978,
          "p50": 0.010498999999999814,
          "p95": 0.011315999999999882,
          "min": 0.010403000000000162,
          "max": 0.011315999999999882
        },
        "retrieval": {
          "n": 10,
          "mean": 0.09957809881744333,
          "p50": 0.09882414135742135,
          "p95": 0.10748969711303591,
          "min": 0.09626761203002676,
          "max": 0.10748969711303591
        },
        "prefill": {
          "n": 10,
          "mean": 2.1346000000000007,
          "p50": 2.264000000000001,
          "p95": 2.468,
          "min": 1.7810000000000024,
          "max": 2.468
        },
        "decode": {
          "n": 10,
          "mean": 1.1938000000000009,
          "p50": 1.3010000000000002,
          "p95": 2.460000000000001,
          "min": 0.5469999999999988,
          "max": 2.460000000000001
        },
        "llm": {
          "n": 10,
          "mean": 3.328400000000001,
          "p50": 3.3260000000000005,
          "p95": 4.241000000000003,
          "min": 2.4829999999999988,
          "max": 4.241000000000003
        }
      },
      "chunks": {
        "n": 10,
        "mean": 4,
        "p50": 4,
        "p95": 4,
        "min": 4,
        "max": 4
      }
    }
  },
  "ingest": {
    "timestamp": 1781259006.8147602,
    "eval_dataset": "nq_open",
    "corpus_dataset": "BeIR/nq",
    "workspace_slug": "nq-bench",
    "docs_requested": 100,
    "docs_written": 100,
    "docs_uploaded_ok": 100,
    "docs_failed": 0,
    "failures": [],
    "embedded": 100,
    "eval_questions": 100,
    "answerable_questions": 55,
    "corpus_scanned": 20000
  }
}