{
  "comparison": {
    "baseline": {
      "n": 10,
      "n_ok": 10,
      "match_rate": 0.0,
      "contains_ref": 0.1,
      "mean_judge_score": null,
      "total_s": 9.1691255569458,
      "ttft_s": 5.790301036834717,
      "embed_s": 0.010688899999999996,
      "retrieval_s": 0.15241213683471705,
      "prefill_s": 5.6272,
      "decode_s": 3.4511000000000003,
      "llm_s": 9.0783,
      "prefill_tps": 718.1320719108567,
      "decode_tps": 37.09054968317847,
      "prompt_tokens": 4022.7,
      "completion_tokens": 128
    },
    "zendnn": {
      "n": 10,
      "n_ok": 10,
      "match_rate": 0.0,
      "contains_ref": 0.1,
      "mean_judge_score": null,
      "total_s": 8.563298559188842,
      "ttft_s": 5.16835720539093,
      "embed_s": 0.013930799999999998,
      "retrieval_s": 0.14842640539093094,
      "prefill_s": 5.005999999999999,
      "decode_s": 3.4674,
      "llm_s": 8.4734,
      "prefill_tps": 808.0432602159634,
      "decode_tps": 36.91599311380904,
      "prompt_tokens": 4022.7,
      "completion_tokens": 128
    }
  },
  "eval_detail": {
    "baseline": {
      "n_queries": 10,
      "n_ok": 10,
      "n_error": 0,
      "n_matched": 0,
      "match_rate": 0.0,
      "n_contains_ref": 1,
      "contains_ref_rate": 0.1,
      "mean_judge_score": null,
      "verdicts": {
        "none": 10
      },
      "tokens": {
        "prompt": {
          "n": 10,
          "mean": 4022.7,
          "p50": 4107,
          "p95": 4726,
          "min": 3529,
          "max": 4726
        },
        "completion": {
          "n": 10,
          "mean": 128,
          "p50": 128,
          "p95": 128,
          "min": 128,
          "max": 128
        },
        "total": {
          "n": 10,
          "mean": 4150.7,
          "p50": 4235,
          "p95": 4854,
          "min": 3657,
          "max": 4854
        },
        "sum_total": 41507
      },
      "latency_s": {
        "total": {
          "n": 10,
          "mean": 9.1691255569458,
          "p50": 9.108372688293457,
          "p95": 10.693580389022827,
          "min": 8.13868761062622,
          "max": 10.693580389022827
        },
        "ttft": {
          "n": 10,
          "mean": 5.790301036834717,
          "p50": 5.718904733657837,
          "p95": 7.321199417114258,
          "min": 4.760450124740601,
          "max": 7.321199417114258
        },
        "embed": {
          "n": 10,
          "mean": 0.010688899999999996,
          "p50": 0.010597999999999996,
          "p95": 0.011339999999999989,
          "min": 0.010327000000000003,
          "max": 0.011339999999999989
        },
        "retrieval": {
          "n": 10,
          "mean": 0.15241213683471705,
          "p50": 0.15400237585448995,
          "p95": 0.1594904171142577,
          "min": 0.13539073365783683,
          "max": 0.1594904171142577
        },
        "prefill": {
          "n": 10,
          "mean": 5.6272,
          "p50": 5.573,
          "p95": 7.151,
          "min": 4.600999999999992,
          "max": 7.151
        },
        "decode": {
          "n": 10,
          "mean": 3.4511000000000003,
          "p50": 3.451999999999998,
          "p95": 3.4769999999999968,
          "min": 3.4179999999999993,
          "max": 3.4769999999999968
        },
        "llm": {
          "n": 10,
          "mean": 9.0783,
          "p50": 9.016999999999996,
          "p95": 10.594999999999999,
          "min": 8.05299999999999,
          "max": 10.594999999999999
        }
      },
      "chunks": {
        "n": 0,
        "mean": null,
        "p50": null,
        "p95": null,
        "min": null,
        "max": null
      }
    },
    "zendnn": {
      "n_queries": 10,
      "n_ok": 10,
      "n_error": 0,
      "n_matched": 0,
      "match_rate": 0.0,
      "n_contains_ref": 1,
      "contains_ref_rate": 0.1,
      "mean_judge_score": null,
      "verdicts": {
        "none": 10
      },
      "tokens": {
        "prompt": {
          "n": 10,
          "mean": 4022.7,
          "p50": 4107,
          "p95": 4726,
          "min": 3529,
          "max": 4726
        },
        "completion": {
          "n": 10,
          "mean": 128,
          "p50": 128,
          "p95": 128,
          "min": 128,
          "max": 128
        },
        "total": {
          "n": 10,
          "mean": 4150.7,
          "p50": 4235,
          "p95": 4854,
          "min": 3657,
          "max": 4854
        },
        "sum_total": 41507
      },
      "latency_s": {
        "total": {
          "n": 10,
          "mean": 8.563298559188842,
          "p50": 8.496705055236816,
          "p95": 10.018572807312012,
          "min": 7.571946144104004,
          "max": 10.018572807312012
        },
        "ttft": {
          "n": 10,
          "mean": 5.16835720539093,
          "p50": 5.0990211963653564,
          "p95": 6.635301351547241,
          "min": 4.188758611679077,
          "max": 6.635301351547241
        },
        "embed": {
          "n": 10,
          "mean": 0.013930799999999998,
          "p50": 0.010875999999999997,
          "p95": 0.03237099999999998,
          "min": 0.010463,
          "max": 0.03237099999999998
        },
        "retrieval": {
          "n": 10,
          "mean": 0.14842640539093094,
          "p50": 0.14921270506286533,
          "p95": 0.15593035154724166,
          "min": 0.13441419636535912,
          "max": 0.15593035154724166
        },
        "prefill": {
          "n": 10,
          "mean": 5.005999999999999,
          "p50": 4.937000000000005,
          "p95": 6.446999999999999,
          "min": 4.033000000000001,
          "max": 6.446999999999999
        },
        "decode": {
          "n": 10,
          "mean": 3.4674,
          "p50": 3.469000000000001,
          "p95": 3.493000000000002,
          "min": 3.444000000000001,
          "max": 3.493000000000002
        },
        "llm": {
          "n": 10,
          "mean": 8.4734,
          "p50": 8.409000000000006,
          "p95": 9.901999999999997,
          "min": 7.490000000000002,
          "max": 9.901999999999997
        }
      },
      "chunks": {
        "n": 0,
        "mean": null,
        "p50": null,
        "p95": null,
        "min": null,
        "max": null
      }
    }
  },
  "ingest": {
    "timestamp": 1781259006.8147602,
    "eval_dataset": "nq_open",
    "corpus_dataset": "BeIR/nq",
    "workspace_slug": "nq-bench",
    "docs_requested": 100,
    "docs_written": 100,
    "docs_uploaded_ok": 100,
    "docs_failed": 0,
    "failures": [],
    "embedded": 100,
    "eval_questions": 100,
    "answerable_questions": 55,
    "corpus_scanned": 20000
  }
}