{
  "comparison": {
    "baseline": {
      "n": 10,
      "n_ok": 10,
      "match_rate": 0.0,
      "contains_ref": 0.4,
      "mean_judge_score": null,
      "total_s": 38.83401517868042,
      "ttft_s": 32.46806688308716,
      "embed_s": 0.010757199999999995,
      "retrieval_s": 0.2267096830871605,
      "prefill_s": 32.230599999999995,
      "decode_s": 6.3712,
      "llm_s": 38.6018,
      "prefill_tps": 135.0659900376776,
      "decode_tps": 20.0908357647329,
      "prompt_tokens": 4350.5,
      "completion_tokens": 128
    },
    "zendnn": {
      "n": 10,
      "n_ok": 10,
      "match_rate": 0.0,
      "contains_ref": 0.4,
      "mean_judge_score": null,
      "total_s": 19.494294548034667,
      "ttft_s": 13.197832226753235,
      "embed_s": 0.0107661,
      "retrieval_s": 0.22426612675323465,
      "prefill_s": 12.9628,
      "decode_s": 6.3012999999999995,
      "llm_s": 19.2641,
      "prefill_tps": 336.2414929414297,
      "decode_tps": 20.313601351444134,
      "prompt_tokens": 4350.5,
      "completion_tokens": 128
    }
  },
  "eval_detail": {
    "baseline": {
      "n_queries": 10,
      "n_ok": 10,
      "n_error": 0,
      "n_matched": 0,
      "match_rate": 0.0,
      "n_contains_ref": 4,
      "contains_ref_rate": 0.4,
      "mean_judge_score": null,
      "verdicts": {
        "none": 10
      },
      "tokens": {
        "prompt": {
          "n": 10,
          "mean": 4350.5,
          "p50": 4449,
          "p95": 5139,
          "min": 3770,
          "max": 5139
        },
        "completion": {
          "n": 10,
          "mean": 128,
          "p50": 128,
          "p95": 128,
          "min": 128,
          "max": 128
        },
        "total": {
          "n": 10,
          "mean": 4478.5,
          "p50": 4577,
          "p95": 5267,
          "min": 3898,
          "max": 5267
        },
        "sum_total": 44785
      },
      "latency_s": {
        "total": {
          "n": 10,
          "mean": 38.83401517868042,
          "p50": 39.532365560531616,
          "p95": 45.34384274482727,
          "min": 34.23982286453247,
          "max": 45.34384274482727
        },
        "ttft": {
          "n": 10,
          "mean": 32.46806688308716,
          "p50": 33.15627694129944,
          "p95": 38.93291354179382,
          "min": 27.942646503448486,
          "max": 38.93291354179382
        },
        "embed": {
          "n": 10,
          "mean": 0.010757199999999995,
          "p50": 0.010738999999999999,
          "p95": 0.011482999999999993,
          "min": 0.010393000000000013,
          "max": 0.011482999999999993
        },
        "retrieval": {
          "n": 10,
          "mean": 0.2267096830871605,
          "p50": 0.24798172775265925,
          "p95": 0.2779594679717903,
          "min": 0.0625699412994436,
          "max": 0.2779594679717903
        },
        "prefill": {
          "n": 10,
          "mean": 32.230599999999995,
          "p50": 32.982999999999976,
          "p95": 38.678,
          "min": 27.706999999999994,
          "max": 38.678
        },
        "decode": {
          "n": 10,
          "mean": 6.3712,
          "p50": 6.373999999999995,
          "p95": 6.417999999999999,
          "min": 6.302000000000007,
          "max": 6.417999999999999
        },
        "llm": {
          "n": 10,
          "mean": 38.6018,
          "p50": 39.33299999999998,
          "p95": 45.096,
          "min": 34.009,
          "max": 45.096
        }
      },
      "chunks": {
        "n": 10,
        "mean": 20,
        "p50": 20,
        "p95": 20,
        "min": 20,
        "max": 20
      }
    },
    "zendnn": {
      "n_queries": 10,
      "n_ok": 10,
      "n_error": 0,
      "n_matched": 0,
      "match_rate": 0.0,
      "n_contains_ref": 4,
      "contains_ref_rate": 0.4,
      "mean_judge_score": null,
      "verdicts": {
        "none": 10
      },
      "tokens": {
        "prompt": {
          "n": 10,
          "mean": 4350.5,
          "p50": 4449,
          "p95": 5139,
          "min": 3770,
          "max": 5139
        },
        "completion": {
          "n": 10,
          "mean": 128,
          "p50": 128,
          "p95": 128,
          "min": 128,
          "max": 128
        },
        "total": {
          "n": 10,
          "mean": 4478.5,
          "p50": 4577,
          "p95": 5267,
          "min": 3898,
          "max": 5267
        },
        "sum_total": 44785
      },
      "latency_s": {
        "total": {
          "n": 10,
          "mean": 19.494294548034667,
          "p50": 19.672025442123413,
          "p95": 22.440725088119507,
          "min": 17.546780586242676,
          "max": 22.440725088119507
        },
        "ttft": {
          "n": 10,
          "mean": 13.197832226753235,
          "p50": 13.365645170211792,
          "p95": 16.102498531341553,
          "min": 11.275819063186646,
          "max": 16.102498531341553
        },
        "embed": {
          "n": 10,
          "mean": 0.0107661,
          "p50": 0.010635999999999979,
          "p95": 0.011448000000000014,
          "min": 0.010496999999999979,
          "max": 0.011448000000000014
        },
        "retrieval": {
          "n": 10,
          "mean": 0.22426612675323465,
          "p50": 0.2461416759033188,
          "p95": 0.27237042591858085,
          "min": 0.059009170211785644,
          "max": 0.27237042591858085
        },
        "prefill": {
          "n": 10,
          "mean": 12.9628,
          "p50": 13.235,
          "p95": 15.850999999999999,
          "min": 11.041000000000025,
          "max": 15.850999999999999
        },
        "decode": {
          "n": 10,
          "mean": 6.3012999999999995,
          "p50": 6.311,
          "p95": 6.344999999999995,
          "min": 6.264000000000003,
          "max": 6.344999999999995
        },
        "llm": {
          "n": 10,
          "mean": 19.2641,
          "p50": 19.534000000000006,
          "p95": 22.195999999999994,
          "min": 17.31600000000003,
          "max": 22.195999999999994
        }
      },
      "chunks": {
        "n": 10,
        "mean": 20,
        "p50": 20,
        "p95": 20,
        "min": 20,
        "max": 20
      }
    }
  },
  "ingest": {
    "timestamp": 1781259006.8147602,
    "eval_dataset": "nq_open",
    "corpus_dataset": "BeIR/nq",
    "workspace_slug": "nq-bench",
    "docs_requested": 100,
    "docs_written": 100,
    "docs_uploaded_ok": 100,
    "docs_failed": 0,
    "failures": [],
    "embedded": 100,
    "eval_questions": 100,
    "answerable_questions": 55,
    "corpus_scanned": 20000
  }
}