{
  "comparison": {
    "baseline": {
      "n": 12,
      "n_ok": 12,
      "match_rate": 0.6666666666666666,
      "mean_judge_score": 0.65,
      "total_s": 9.265268564224243,
      "ttft_s": 4.289407769838969,
      "embed_s": 0.010513583333333326,
      "retrieval_s": 0.08714418650563542,
      "prefill_s": 4.19175,
      "decode_s": 4.992916666666669,
      "llm_s": 9.184666666666669,
      "prefill_tps": 363.4759576497691,
      "decode_tps": 5.8064848280204915,
      "prompt_tokens": 1523.6666666666667,
      "completion_tokens": 28.833333333333332
    },
    "zendnn": {
      "n": 12,
      "n_ok": 12,
      "match_rate": 0.6666666666666666,
      "mean_judge_score": 0.65,
      "total_s": 7.900060753027598,
      "ttft_s": 2.6879383325576782,
      "embed_s": 0.010206333333333336,
      "retrieval_s": 0.0840653325576788,
      "prefill_s": 2.593666666666666,
      "decode_s": 5.2265000000000015,
      "llm_s": 7.820166666666668,
      "prefill_tps": 592.0956532489213,
      "decode_tps": 5.792250566075926,
      "prompt_tokens": 1528.6666666666667,
      "completion_tokens": 30.083333333333332
    }
  },
  "eval_detail": {
    "baseline": {
      "n_queries": 12,
      "n_ok": 12,
      "n_error": 0,
      "n_matched": 8,
      "match_rate": 0.6666666666666666,
      "n_contains_ref": 5,
      "contains_ref_rate": 0.4166666666666667,
      "mean_judge_score": 0.65,
      "verdicts": {
        "correct": 8,
        "incorrect": 4
      },
      "tokens": {
        "prompt": {
          "n": 12,
          "mean": 1523.6666666666667,
          "p50": 1569,
          "p95": 1693,
          "min": 959,
          "max": 1693
        },
        "completion": {
          "n": 12,
          "mean": 28.833333333333332,
          "p50": 25,
          "p95": 48,
          "min": 15,
          "max": 48
        },
        "total": {
          "n": 12,
          "mean": 1552.5,
          "p50": 1602,
          "p95": 1718,
          "min": 980,
          "max": 1718
        },
        "sum_total": 18630
      },
      "latency_s": {
        "total": {
          "n": 12,
          "mean": 9.265268564224243,
          "p50": 8.991763591766357,
          "p95": 12.87044358253479,
          "min": 6.468025207519531,
          "max": 12.87044358253479
        },
        "ttft": {
          "n": 12,
          "mean": 4.289407769838969,
          "p50": 4.381857872009277,
          "p95": 4.854145288467407,
          "min": 2.9160122871398926,
          "max": 4.854145288467407
        },
        "embed": {
          "n": 12,
          "mean": 0.010513583333333326,
          "p50": 0.010337999999999958,
          "p95": 0.010963000000000056,
          "min": 0.010252000000000039,
          "max": 0.010963000000000056
        },
        "retrieval": {
          "n": 12,
          "mean": 0.08714418650563542,
          "p50": 0.08211390892028536,
          "p95": 0.13821828713989248,
          "min": 0.07653887200928278,
          "max": 0.13821828713989248
        },
        "prefill": {
          "n": 12,
          "mean": 4.19175,
          "p50": 4.294999999999995,
          "p95": 4.754999999999999,
          "min": 2.7670000000000003,
          "max": 4.754999999999999
        },
        "decode": {
          "n": 12,
          "mean": 4.992916666666669,
          "p50": 4.3330000000000055,
          "p95": 8.423000000000002,
          "min": 2.5060000000000002,
          "max": 8.423000000000002
        },
        "llm": {
          "n": 12,
          "mean": 9.184666666666669,
          "p50": 8.914000000000009,
          "p95": 12.793000000000003,
          "min": 6.336,
          "max": 12.793000000000003
        }
      },
      "chunks": {
        "n": 12,
        "mean": 4,
        "p50": 4,
        "p95": 4,
        "min": 4,
        "max": 4
      }
    },
    "zendnn": {
      "n_queries": 12,
      "n_ok": 12,
      "n_error": 0,
      "n_matched": 8,
      "match_rate": 0.6666666666666666,
      "n_contains_ref": 5,
      "contains_ref_rate": 0.4166666666666667,
      "mean_judge_score": 0.65,
      "verdicts": {
        "correct": 8,
        "incorrect": 4
      },
      "tokens": {
        "prompt": {
          "n": 12,
          "mean": 1528.6666666666667,
          "p50": 1569,
          "p95": 1703,
          "min": 969,
          "max": 1703
        },
        "completion": {
          "n": 12,
          "mean": 30.083333333333332,
          "p50": 25,
          "p95": 52,
          "min": 15,
          "max": 52
        },
        "total": {
          "n": 12,
          "mean": 1558.75,
          "p50": 1602,
          "p95": 1726,
          "min": 990,
          "max": 1726
        },
        "sum_total": 18705
      },
      "latency_s": {
        "total": {
          "n": 12,
          "mean": 7.900060753027598,
          "p50": 7.285309314727783,
          "p95": 11.637505769729614,
          "min": 5.3489670753479,
          "max": 11.637505769729614
        },
        "ttft": {
          "n": 12,
          "mean": 2.6879383325576782,
          "p50": 2.71510910987854,
          "p95": 3.1115102767944336,
          "min": 1.844902753829956,
          "max": 3.1115102767944336
        },
        "embed": {
          "n": 12,
          "mean": 0.010206333333333336,
          "p50": 0.010051000000000032,
          "p95": 0.010631999999999975,
          "min": 0.009981000000000018,
          "max": 0.010631999999999975
        },
        "retrieval": {
          "n": 12,
          "mean": 0.0840653325576788,
          "p50": 0.08097245497131667,
          "p95": 0.1343497538299563,
          "min": 0.0697431098785386,
          "max": 0.1343497538299563
        },
        "prefill": {
          "n": 12,
          "mean": 2.593666666666666,
          "p50": 2.6350000000000016,
          "p95": 3.0229999999999997,
          "min": 1.6999999999999997,
          "max": 3.0229999999999997
        },
        "decode": {
          "n": 12,
          "mean": 5.2265000000000015,
          "p50": 4.331000000000003,
          "p95": 9.149000000000001,
          "min": 2.5080000000000098,
          "max": 9.149000000000001
        },
        "llm": {
          "n": 12,
          "mean": 7.820166666666668,
          "p50": 7.209000000000003,
          "p95": 11.560000000000002,
          "min": 5.2740000000000045,
          "max": 11.560000000000002
        }
      },
      "chunks": {
        "n": 12,
        "mean": 4,
        "p50": 4,
        "p95": 4,
        "min": 4,
        "max": 4
      }
    }
  },
  "ingest": {
    "timestamp": 1781178177.1456933,
    "eval_dataset": "nq_open",
    "corpus_dataset": "BeIR/nq",
    "workspace_slug": "nq-bench",
    "docs_requested": 100,
    "docs_written": 100,
    "docs_uploaded_ok": 100,
    "docs_failed": 0,
    "failures": [],
    "embedded": 100,
    "eval_questions": 12,
    "answerable_questions": 7,
    "corpus_scanned": 8000
  }
}