{
  "summary": {
    "n_queries": 12,
    "n_ok": 12,
    "n_error": 0,
    "n_matched": 8,
    "match_rate": 0.6666666666666666,
    "n_contains_ref": 5,
    "contains_ref_rate": 0.4166666666666667,
    "mean_judge_score": 0.6333333333333333,
    "verdicts": {
      "correct": 8,
      "incorrect": 4
    },
    "tokens": {
      "prompt": {
        "n": 12,
        "mean": 1659.3333333333333,
        "p50": 1704,
        "p95": 1822,
        "min": 1074,
        "max": 1822
      },
      "completion": {
        "n": 12,
        "mean": 30.75,
        "p50": 27,
        "p95": 49,
        "min": 15,
        "max": 49
      },
      "total": {
        "n": 12,
        "mean": 1690.0833333333333,
        "p50": 1737,
        "p95": 1871,
        "min": 1095,
        "max": 1871
      },
      "sum_total": 20281
    },
    "latency_s": {
      "total": {
        "n": 12,
        "mean": 7.009024262428284,
        "p50": 6.626675605773926,
        "p95": 9.956689357757568,
        "min": 5.057909965515137,
        "max": 9.956689357757568
      },
      "ttft": {
        "n": 12,
        "mean": 3.672229766845703,
        "p50": 3.7704050540924072,
        "p95": 4.113092422485352,
        "min": 2.611055612564087,
        "max": 4.113092422485352
      },
      "embed": {
        "n": 12,
        "mean": 0.011450833333333374,
        "p50": 0.011169999999999902,
        "p95": 0.014787999999999801,
        "min": 0.010882000000000058,
        "max": 0.014787999999999801
      },
      "retrieval": {
        "n": 12,
        "mean": 0.08527893351237063,
        "p50": 0.0804689258117679,
        "p95": 0.1405866125640869,
        "min": 0.07552305409240967,
        "max": 0.1405866125640869
      },
      "prefill": {
        "n": 12,
        "mean": 3.575499999999999,
        "p50": 3.6839999999999975,
        "p95": 4.0249999999999995,
        "min": 2.459,
        "max": 4.0249999999999995
      },
      "decode": {
        "n": 12,
        "mean": 3.346333333333334,
        "p50": 2.8489999999999895,
        "p95": 5.850999999999999,
        "min": 1.5219999999999985,
        "max": 5.850999999999999
      },
      "llm": {
        "n": 12,
        "mean": 6.921833333333333,
        "p50": 6.542000000000005,
        "p95": 9.875999999999998,
        "min": 4.942,
        "max": 9.875999999999998
      }
    },
    "chunks": {
      "n": 12,
      "mean": 4,
      "p50": 4,
      "p95": 4,
      "min": 4,
      "max": 4
    }
  },
  "ingest": {
    "timestamp": 1781178670.7522025,
    "eval_dataset": "nq_open",
    "corpus_dataset": "BeIR/nq",
    "workspace_slug": "nq-bench",
    "docs_requested": 100,
    "docs_written": 100,
    "docs_uploaded_ok": 100,
    "docs_failed": 0,
    "failures": [],
    "embedded": 100,
    "eval_questions": 12,
    "answerable_questions": 7,
    "corpus_scanned": 8000,
    "n_queries": 12,
    "job_wall_s": 124.97474575042725,
    "query_mode": "query",
    "judge_model": "chat-model",
    "judge_threshold": 0.5,
    "warmup": 1
  },
  "n_records": 12
}