{
  "baseline": {
    "n": 12,
    "n_ok": 12,
    "match_rate": 0.6666666666666666,
    "mean_judge_score": 0.65,
    "total_s": 9.265268564224243,
    "ttft_s": 4.289407769838969,
    "embed_s": 0.010513583333333326,
    "retrieval_s": 0.08714418650563542,
    "prefill_s": 4.19175,
    "decode_s": 4.992916666666669,
    "llm_s": 9.184666666666669,
    "prefill_tps": 363.4759576497691,
    "decode_tps": 5.8064848280204915,
    "prompt_tokens": 1523.6666666666667,
    "completion_tokens": 28.833333333333332
  },
  "zendnn": {
    "n": 12,
    "n_ok": 12,
    "match_rate": 0.6666666666666666,
    "mean_judge_score": 0.65,
    "total_s": 7.900060753027598,
    "ttft_s": 2.6879383325576782,
    "embed_s": 0.010206333333333336,
    "retrieval_s": 0.0840653325576788,
    "prefill_s": 2.593666666666666,
    "decode_s": 5.2265000000000015,
    "llm_s": 7.820166666666668,
    "prefill_tps": 592.0956532489213,
    "decode_tps": 5.792250566075926,
    "prompt_tokens": 1528.6666666666667,
    "completion_tokens": 30.083333333333332
  },
  "meta": {
    "baseline": {
      "timestamp": 1781184127.1238794,
      "n_queries": 12,
      "job_wall_s": 176.19691705703735,
      "query_mode": "query",
      "judge_model": "chat-model",
      "judge_threshold": 0.5,
      "warmup": 1,
      "job": "baseline"
    },
    "zendnn": {
      "timestamp": 1781184302.2268937,
      "n_queries": 12,
      "job_wall_s": 160.51981568336487,
      "query_mode": "query",
      "judge_model": "chat-model",
      "judge_threshold": 0.5,
      "warmup": 1,
      "job": "zendnn"
    }
  }
}